{"stat.pickup.actuallyadditions.item_boots_crystal_green":3,"stat.pickup.minecraft.wooden_slab":1,"stat.craftItem.mysticalagradditions.nether_star_seeds":0,"stat.pickup.draconicevolution.draconium_dust":13,"stat.leaveGame":14,"stat.craftItem.mysticalagriculture.infusion_crystal":0,"stat.drop.extrautils2.machine":1,"stat.pickup.mekanism.machineblock2":7,"stat.craftItem.excompressum.compressed_hammer_stone":9,"stat.useItem.chancecubes.chance_cube":150,"stat.killEntity.PigZombie":2,"stat.mineBlock.minecraft.web":126,"stat.drop.tp.bsc_iron_sword":4,"stat.mineBlock.gravestone.gravestone":15,"stat.pickup.harvestcraft.calamarirawitem":29,"stat.pickup.exnihilocreatio.block_dust":2336,"stat.pickup.minecraft.rotten_flesh":151,"stat.pickup.excompressum.compressed_block":9,"stat.pickup.minecraft.cobblestone_wall":1,"stat.pickup.minecraft.bucket":6,"stat.killEntity.Enderman":28,"stat.craftItem.avaritia.double_compressed_crafting_table":1,"stat.pickup.minecraft.brown_mushroom":9,"stat.killEntity.Witch":15,"stat.pickup.extrautils2.biomemarker":2,"stat.drop.minecraft.sand":5,"stat.pickup.exnihilocreatio.item_ore_copper":11,"stat.mineBlock.minecraft.end_stone":37,"stat.pickup.cyclicmagic.cyclic_wand_build":1,"stat.craftItem.harvestcraft.presser":1,"stat.pickup.appliedenergistics2.fluix_block":4,"stat.craftItem.extrautils2.machine":8,"stat.pickup.thermalfoundation.upgrade":3,"stat.pickup.harvestcraft.presser":1,"stat.craftItem.minecraft.glass_pane":16,"stat.drop.minecraft.diamond_chestplate":1,"stat.pickup.enderio.item_basic_capacitor":1,"stat.mineBlock.minecraft.hopper":1,"stat.pickup.thermalfoundation.material":30,"stat.craftItem.tp.iron_cobblegen_block":1,"stat.craftItem.mysticalagradditions.stuff":0,"stat.furnaceInteraction":115,"stat.mineBlock.chancecubes.chance_cube":165,"stat.useItem.minecraft.golden_carrot":12,"stat.killEntity.ZombieVillager":1,"stat.pickup.extrautils2.enderlilly":6,"stat.pickup.minecraft.sponge":3,"stat.craftItem.roost.breeder":0,"stat.useItem.minecraft.end_stone":7,"stat.pickup.extrautils2.klein":5,"stat.pickup.minecraft.beef":2,"stat.craftItem.mysticalagriculture.crafting":152,"stat.pickup.thermalfoundation.meter":5,"stat.useItem.minecraft.trapdoor":90,"stat.pickup.mysticalagriculture.tier1_inferium_seeds":8,"stat.drop.cyclicmagic.magnet_block":1,"stat.pickup.randomthings.spectrecoil_genesis":1,"stat.mineBlock.extrautils2.decorativesolid":1,"stat.pickup.minecraft.potion":1,"stat.pickup.immersiveengineering.shader":1,"stat.pickup.tp.iron_cobblegen_block":1,"stat.useItem.minecraft.flint_and_steel":9,"stat.useItem.minecraft.wheat_seeds":18,"stat.craftItem.mysticalagriculture.prudentium_furnace":0,"stat.pickup.minecraft.emerald":5,"stat.pickup.cyclicmagic.tool_torch_launcher":8,"stat.useItem.minecraft.dye":749,"stat.pickup.cyclicmagic.charm_air":2,"stat.drop.tp.iron_cobblegen_block":2,"stat.craftItem.mysticalagriculture.mystical_machine_frame":0,"stat.pickup.minecraft.lever":3,"stat.deaths":16,"stat.pickup.minecraft.egg":13,"stat.pickup.actuallyadditions.item_dust":31,"stat.craftItem.minecraft.item_frame":3,"stat.useItem.actuallyadditions.item_sword_crystal_green":154,"stat.pickup.randomthings.advanceditemcollector":1,"stat.pickup.minecraft.clock":2,"stat.drop.tp.birthday_pickaxe":1,"stat.pickup.minecraft.item_frame":3,"stat.mineBlock.minecraft.tallgrass":1,"stat.mineBlock.thermalexpansion.machine":1,"stat.pickup.minecraft.cooked_mutton":1,"stat.chestOpened":556,"stat.mineBlock.mekanism.machineblock2":5,"stat.pickup.fluxnetworks.fluxstorage":1,"stat.pickup.thermalfoundation.wrench":3,"stat.craftItem.roost.roost":0,"stat.craftItem.minecraft.sign":6,"stat.pickup.mekanism.transmitter":10,"stat.useItem.minecraft.stone":2,"stat.pickup.minecraft.arrow":21,"stat.pickup.minecraft.iron_sword":2,"stat.pickup.extrautils2.compressedcobblestone":6,"stat.drop.thermalcultivation.watering_can":1,"stat.pickup.minecraft.gold_nugget":130,"stat.pickup.mysticalagriculture.mystical_fertilizer":66,"stat.pickup.tconstruct.cast_custom":2,"stat.useItem.roost.breeder":5,"stat.pickup.minecraft.carrot":16,"stat.drop.minecraft.stone_sword":1,"stat.crouchOneCm":87725,"stat.mineBlock.minecraft.chest":2,"stat.craftItem.minecraft.iron_ingot":27,"stat.drop.minecraft.slime_ball":1,"stat.craftingTableInteraction":100,"stat.drop.mekanism.machineblock2":1,"stat.pickup.minecraft.repeater":4,"stat.mineBlock.minecraft.log2":10,"stat.pickup.minecraft.wooden_pickaxe":2,"stat.pickup.thermalfoundation.tome_lexicon":1,"stat.useItem.minecraft.reeds":116,"stat.craftItem.buildcraftcore.gear_iron":1,"stat.pickup.exnihilocreatio.item_ore_gold":39,"stat.pickup.minecraft.dye":2016,"stat.pickup.minecraft.planks":683,"stat.pickup.minecraft.wheat_seeds":563,"stat.mineBlock.minecraft.glass":10,"stat.pickup.cyclicmagic.water_candle":2,"stat.useItem.plustic.laser_gun":1,"stat.mineBlock.minecraft.dirt":229,"stat.craftItem.tp.compressed_sugar_cane":4,"stat.craftItem.avaritia.resource":7,"stat.pickup.exnihilocreatio.item_mesh":1,"stat.pickup.immersiveengineering.seed":2,"stat.mineBlock.extrautils2.compresseddirt":308,"stat.drop.minecraft.rotten_flesh":1,"stat.useItem.minecraft.cobblestone":1005,"stat.useItem.minecraft.gravel":98,"stat.pickup.botania.blacklotus":8,"stat.pickup.extrautils2.crafter":2,"stat.craftItem.exnihilocreatio.block_sieve":1,"stat.pickup.minecraft.iron_pickaxe":2,"stat.drop.minecraft.carrot":2,"stat.pickup.chancecubes.chance_pendant_tier3":1,"stat.pickup.randomthings.timeinabottle":11,"stat.craftItem.minecraft.gold_ingot":9,"stat.pickup.minecraft.hopper":1,"stat.pickup.petrock.petrockspawn":1,"stat.pickup.minecraft.chicken":695,"stat.pickup.minecraft.tipped_arrow":10,"stat.pickup.thermalexpansion.florb":12,"stat.pickup.minecraft.apple":28,"stat.pickup.minecraft.end_stone":665,"stat.pickup.extrautils2.compresseddirt":61,"stat.useItem.mysticalagriculture.growth_accelerator":34,"stat.craftItem.minecraft.bucket":1,"stat.craftItem.minecraft.planks":664,"stat.useItem.minecraft.iron_sword":126,"stat.itemEnchanted":1,"stat.pickup.minecraft.stone_sword":2,"stat.useItem.excompressum.compressed_block":1,"stat.pickup.minecraft.book":3,"stat.mineBlock.minecraft.log":20,"stat.pickup.minecraft.iron_door":10,"stat.useItem.roost.chicken":2402,"stat.craftItem.minecraft.paper":495,"stat.killEntity.BabySkeleton":3,"stat.pickup.minecraft.red_flower":3,"stat.craftItem.thermalexpansion.frame":1,"stat.pickup.minecraft.wool":41,"stat.pickup.exnihilocreatio.block_sieve":1,"stat.pickup.harvestcraft.epicbaconitem":28,"stat.cakeSlicesEaten":3,"stat.pickup.minecraft.tripwire_hook":3,"stat.craftItem.excompressum.auto_sieve":1,"stat.pickup.cyclicmagic.sprinkler":6,"stat.craftItem.minecraft.diamond_leggings":3,"stat.mineBlock.minecraft.cobblestone":2299,"stat.pickup.minecraft.flint":3,"stat.useItem.cyclicmagic.cyclic_wand_build":1,"stat.pickup.chesttransporter.chesttransporter":1,"stat.drop.randomthings.advanceditemcollector":1,"stat.useItem.minecraft.snow":2,"stat.pickup.minecraft.enchanted_book":4,"stat.drop.minecraft.cobblestone":1,"stat.useItem.minecraft.obsidian":15,"stat.useItem.minecraft.cookie":27,"stat.useItem.minecraft.stone_slab2":494,"stat.craftItem.avaritia.compressed_crafting_table":9,"stat.pickup.minecraft.bow":1,"stat.pickup.minecraft.iron_boots":1,"stat.pickup.actuallyadditions.item_pants_crystal_green":1,"stat.craftItem.mysticalagriculture.tier2_inferium_seeds":0,"stat.craftItem.minecraft.furnace":2,"stat.mineBlock.mekanism.transmitter":10,"stat.craftItem.minecraft.lapis_block":80,"stat.pickup.thermalfoundation.ore":11,"stat.craftItem.hatchery.sprayer":0,"stat.mineBlock.enderio.block_tank":1,"stat.useItem.minecraft.egg":1,"stat.pickup.minecraft.pumpkin_pie":3,"stat.pickup.tp.cooked_apple":110,"stat.mineBlock.minecraft.obsidian":29,"stat.pickup.minecraft.diamond_leggings":13,"stat.useItem.exnihilocreatio.hammer_stone":147,"stat.flyOneCm":2193965,"stat.pickup.minecraft.sandstone":3,"stat.pickup.actuallyadditions.item_booklet":1,"stat.pickup.minecraft.fish":43,"stat.useItem.extrautils2.compressedgravel":303,"stat.craftItem.tp.reinforced_obsidian":0,"stat.timeSinceDeath":175946,"stat.pickup.fluidcows.cow_halter":2,"stat.pickup.chisel.tyrian":1,"stat.craftItem.minecraft.iron_block":0,"stat.killEntity.Bat":4,"stat.craftItem.mysticalagriculture.mystical_fertilizer":0,"stat.pickup.hatchery.chickenmanure":22,"stat.craftItem.minecraft.stonebrick":4,"stat.pickup.plustic.laser_gun":1,"stat.mineBlock.minecraft.enchanting_table":1,"stat.mineBlock.minecraft.coal_ore":4,"stat.killEntity.Creeper":14,"stat.talkedToVillager":15,"stat.craftItem.minecraft.stone_hoe":0,"stat.craftItem.actuallyadditions.item_chest_emerald":2,"stat.pickup.minecraft.string":183,"stat.ae2.ItemsInserted":43057,"stat.craftItem.mysticalagriculture.master_infusion_crystal":0,"stat.pickup.enderio.block_tank":1,"stat.pickup.excompressum.compressed_hammer_stone":1,"stat.mineBlock.harvestcraft.presser":1,"stat.entityKilledBy.Skeleton":3,"stat.useItem.minecraft.written_book":4,"stat.killEntity.Squid":8,"stat.sprintOneCm":1912009,"stat.mineBlock.minecraft.stone_slab":36,"stat.pickup.cyclicmagic.ender_pearl_mounted":2,"stat.pickup.mysticalagriculture.seed_reprocessor":1,"stat.mineBlock.minecraft.diamond_ore":1,"stat.craftItem.mysticalagriculture.tier1_inferium_seeds":0,"stat.pickup.extrautils2.decorativesolid":3,"stat.pickup.minecraft.leather_leggings":3,"stat.craftItem.mysticalagriculture.tier4_inferium_seeds":0,"stat.pickup.minecraft.spawn_egg":20,"stat.pickup.minecraft.sugar":6,"stat.pickup.extrautils2.suncrystal":1,"stat.craftItem.minecraft.emerald":11,"stat.mineBlock.extrautils2.compressedsand":251,"stat.killEntity.Zombie":82,"stat.craftItem.minecraft.dye":639,"stat.pickup.minecraft.snowball":2,"stat.pickup.immersiveengineering.shader_bag":1,"stat.pickup.minecraft.fire_charge":1,"stat.diveOneCm":28724,"stat.drop.minecraft.diamond_pickaxe":2,"stat.pickup.minecraft.wheat":621,"stat.pickup.tconstruct.tooltables":1,"stat.pickup.extrautils2.machine":3,"stat.craftItem.exnihilocreatio.item_ore_osmium":7,"stat.pickup.minecraft.sign":7,"stat.pickup.minecraft.obsidian":30,"stat.pickup.mysticalagriculture.tier3_inferium_seeds":2,"stat.craftItem.thermalexpansion.machine":1,"stat.useItem.minecraft.rotten_flesh":11,"stat.craftItem.minecraft.diamond_sword":2,"stat.jump":11711,"stat.useItem.minecraft.sand":112,"stat.pickup.tp.birthday_pickaxe":10,"stat.pickup.minecraft.coal":1260,"stat.pickup.minecraft.iron_ingot":8,"stat.drop.minecraft.diamond_sword":1,"stat.pickup.minecraft.gunpowder":80,"stat.craftItem.mekanism.transmitter":0,"stat.craftItem.minecraft.torch":304,"stat.mineBlock.chancecubes.giant_chance_cube":4,"stat.pickup.minecraft.dirt":3088,"stat.drop.thermalfoundation.tool.hammer_invar":2,"stat.useItem.minecraft.glass":9,"stat.useItem.minecraft.dispenser":1,"stat.mineBlock.minecraft.lapis_ore":3,"stat.pickup.minecraft.cookie":59,"stat.useItem.cyclicmagic.spikes_diamond":8,"stat.pickup.mysticalagriculture.tier4_inferium_seeds":17,"stat.mineBlock.minecraft.glass_pane":2,"stat.brewingstandInteraction":1,"stat.damageTaken":15798,"stat.drop.botania.specialflower":1,"stat.mineBlock.minecraft.torch":29,"stat.pickup.minecraft.written_book":4,"stat.pickup.immersiveengineering.metal":6,"stat.tradedWithVillager":12,"stat.pickup.minecraft.magma_cream":11,"stat.pickup.minecraft.log2":10,"stat.pickup.appliedenergistics2.biometric_card":1,"stat.craftItem.mysticalagriculture.intermedium_furnace":0,"stat.pickup.minecraft.potato":8,"stat.craftItem.chancecubes.chance_pendant_tier2":0,"stat.pickup.minecraft.rabbit_hide":8,"stat.entityKilledBy.Zombie":2,"stat.craftItem.chancecubes.chance_pendant_tier1":2,"stat.craftItem.extrautils2.compressedsand":277,"stat.craftItem.chancecubes.chance_pendant_tier3":0,"stat.killEntity.Silverfish":12,"stat.useItem.excompressum.compressed_hammer_diamond":552,"stat.craftItem.minecraft.stone_slab":18,"stat.useItem.minecraft.chest":9,"stat.drop.minecraft.wheat":3,"stat.pickup.minecraft.diamond_pickaxe":1,"stat.craftItem.mekanism.cardboardbox":1,"stat.useItem.minecraft.lava_bucket":5,"stat.pickup.minecraft.rabbit_foot":3,"stat.craftItem.mysticalagriculture.tier3_inferium_seeds":0,"stat.shulkerBoxOpened":4,"stat.drop.extrautils2.klein":2,"stat.pickup.minecraft.ender_pearl":13,"stat.useItem.minecraft.redstone_ore":7,"stat.pickup.minecraft.cooked_beef":6,"stat.useItem.minecraft.netherrack":2,"stat.useItem.chancecubes.compact_giant_chance_cube":2,"stat.pickup.thermalcultivation.watering_can":1,"stat.craftItem.minecraft.bookshelf":22,"stat.pickup.actuallyadditions.item_paxel_crystal_green":5,"stat.pickup.extrautils2.drum":9,"stat.pickup.cyclicmagic.glove_climb":4,"stat.craftItem.tp.cooked_apple":12,"stat.pickup.harvestcraft.queenbeeitem":1,"stat.mineBlock.extrautils2.minichest":1,"stat.mobKills":875,"stat.pickup.minecraft.diamond_boots":9,"stat.mineBlock.minecraft.bookshelf":1,"stat.drop.minecraft.written_book":1,"stat.craftItem.exnihilocreatio.item_ore_gold":11,"stat.useItem.minecraft.boat":1,"stat.craftItem.minecraft.lead":0,"stat.pickup.mysticalagriculture.inferium_furnace":2,"stat.pickup.minecraft.diamond":12,"stat.pickup.ftbquests.lootcrate":111,"stat.pickup.minecraft.torch":1360,"stat.craftItem.exnihilocreatio.item_ore_aluminium":35,"stat.pickup.thaumcraft.brain":4,"stat.craftItem.chancecubes.scanner":2,"stat.craftItem.exnihilocreatio.item_ore_silver":32,"stat.drop.minecraft.arrow":1,"stat.pickup.mysticalagradditions.nether_star_essence":36,"stat.pickup.mekanism.cardboardbox":9,"stat.mineBlock.exnihilocreatio.block_sieve":1,"stat.useItem.extrautils2.compresseddirt":303,"stat.useItem.randomthings.timeinabottle":99,"stat.pickup.ftbquests.book":1,"stat.craftItem.minecraft.nether_star":0,"stat.craftItem.actuallyadditions.item_hoe_emerald":0,"stat.mineBlock.thaumcraft.ore_quartz":2,"stat.useItem.minecraft.bookshelf":17,"stat.pickup.minecraft.lapis_block":98,"stat.drop.minecraft.trapdoor":1,"stat.mineBlock.extrautils2.compressedcobblestone":133,"stat.pickup.minecraft.fishing_rod":3,"stat.pickup.actuallyadditions.item_chest_crystal_green":1,"stat.useItem.minecraft.planks":23,"stat.craftItem.exnihilocreatio.block_dust":252,"stat.pickup.minecraft.glowstone_dust":4,"stat.mineBlock.immersiveengineering.ore":6,"stat.pickup.minecraft.porkchop":9,"stat.pickup.minecraft.glass":5,"stat.drop.mysticalagradditions.nether_star_essence":1,"stat.useItem.minecraft.water_bucket":82,"stat.mineBlock.minecraft.red_mushroom":1,"stat.useItem.harvestcraft.calamarirawitem":1,"stat.pickup.minecraft.sand":2947,"stat.pickup.extrautils2.snowglobe":2,"stat.pickup.minecraft.name_tag":3,"stat.useItem.tp.bsc_iron_sword":467,"stat.pickup.exnihilocreatio.item_pebble":144,"stat.pickup.thermalfoundation.security":7,"stat.craftItem.tconstruct.casting":1,"stat.craftItem.minecraft.stone_sword":1,"stat.drop.roost.chicken":1,"stat.useItem.minecraft.ender_pearl":1,"stat.useItem.minecraft.brown_mushroom":1,"stat.mineBlock.minecraft.sand":105,"stat.craftItem.cyclicmagic.sprinkler":1,"stat.craftItem.minecraft.cooked_fish":13,"stat.hopperInspected":19,"stat.useItem.yabba.item_barrel":3,"stat.pickup.chancecubes.compact_giant_chance_cube":4,"stat.killEntity.thermalfoundation.basalz":3,"stat.craftItem.mysticalagriculture.seed_reprocessor":0,"stat.pickup.projectred-core.resource_item":3,"stat.useItem.tp.cooked_apple":74,"stat.pickup.quantumflux.graphitedust":1,"stat.mineBlock.minecraft.dark_oak_stairs":183,"stat.pickup.actuallyadditions.item_solidified_experience":826,"stat.craftItem.thermalfoundation.material":13,"stat.pickup.chickens.colored_egg":3,"stat.pickup.actuallyadditions.item_sword_crystal_green":4,"stat.pickup.minecraft.furnace":1,"stat.useItem.minecraft.redstone":12,"stat.pickup.extrautils2.compressedsand":31,"stat.pickup.exnihilocreatio.item_ore_iron":29,"stat.pickup.minecraft.iron_chestplate":1,"stat.pickup.minecraft.skull":21,"stat.pickup.exnihilocreatio.item_ore_osmium":1,"stat.pickup.chancecubes.chance_cube":91,"stat.pickup.minecraft.stone_stairs":1,"stat.craftItem.minecraft.sand":261,"stat.craftItem.mysticalagriculture.storage":0,"stat.craftItem.ironchest.iron_chest":6,"stat.pickup.minecraft.golden_carrot":77,"stat.pickup.minecraft.pumpkin_seeds":3,"stat.pickup.exnihilocreatio.item_ore_nickel":37,"stat.useItem.minecraft.hopper":4,"stat.mineBlock.minecraft.soul_sand":2,"stat.useItem.roost.roost":3,"stat.craftItem.exnihilocreatio.item_ore_lead":15,"stat.drop.randomthings.timeinabottle":1,"stat.playOneMinute":1598228,"stat.pickup.minecraft.blaze_rod":1,"stat.craftItem.mysticalagriculture.growth_accelerator":0,"stat.drop.minecraft.string":2,"stat.pickup.tp.bams_pizza":13,"stat.pickup.thermalfoundation.glass_alloy":24,"stat.craftItem.minecraft.diamond_block":2,"stat.pickup.minecraft.diamond_block":2,"stat.pickup.minecraft.iron_bars":2,"stat.pickup.minecraft.dispenser":5,"stat.pickup.minecraft.netherrack":151,"stat.pickup.minecraft.pumpkin":2,"stat.drop.actuallyadditions.item_sword_crystal_green":2,"stat.pickup.tconstruct.casting":2,"stat.drop.minecraft.hopper":2,"stat.craftItem.mysticalagriculture.tier5_inferium_seeds":0,"stat.craftItem.appliedenergistics2.material":3,"stat.drop.cyclicmagic.tool_torch_launcher":1,"stat.mineBlock.minecraft.netherrack":101,"stat.mineBlock.minecraft.dispenser":1,"stat.mineBlock.minecraft.ice":5,"stat.craftItem.minecraft.iron_nugget":1,"stat.pickup.minecraft.cooked_chicken":70,"stat.fallOneCm":179977,"stat.craftItem.minecraft.enchanted_book":1,"stat.drop.minecraft.dye":2,"stat.craftItem.minecraft.chest":13,"stat.mineBlock.minecraft.lever":1,"stat.pickup.minecraft.melon":7,"stat.drop.appliedenergistics2.drive":1,"stat.pickup.actuallyadditions.item_chest_obsidian":1,"stat.pickup.minecraft.comparator":3,"stat.pickup.minecraft.feather":3,"stat.pickup.minecraft.record_cat":3,"stat.pickup.excompressum.wood_chippings":38,"stat.useItem.harvestcraft.epicbaconitem":6,"stat.pickup.minecraft.slime":9,"stat.craftItem.tconstruct.materials":49,"stat.pickup.betterbuilderswands.wandstone":1,"stat.pickup.minecraft.iron_leggings":1,"stat.drop.chickens.colored_egg":2,"stat.mineBlock.cyclicmagic.spikes_diamond":8,"stat.pickup.thermalfoundation.glass":8,"stat.craftItem.tp.bsc_rod":4,"stat.pickup.minecraft.lead":3,"stat.mineBlock.minecraft.gravel":102,"stat.useItem.minecraft.stone_pickaxe":131,"stat.useItem.minecraft.stone_sword":11,"stat.killEntity.Rabbit":7,"stat.craftItem.mysticalagradditions.tier6_inferium_seeds":0,"stat.craftItem.tp.bsc_iron_sword":4,"stat.pickup.botania.specialflower":1,"stat.pickup.minecraft.record_13":3,"stat.mineBlock.minecraft.monster_egg":1,"stat.useItem.chickens.colored_egg":1,"stat.useItem.minecraft.torch":206,"stat.mineBlock.exnihilocreatio.block_dust":2,"stat.pickup.minecraft.golden_apple":170,"stat.pickup.minecraft.crafting_table":1,"stat.useItem.minecraft.log":16,"stat.craftItem.minecraft.crafting_table":89,"stat.craftItem.extrautils2.compressedgravel":124,"stat.drop.ironchest.iron_chest":2,"stat.craftItem.minecraft.boat":1,"stat.useItem.actuallyadditions.item_paxel_crystal_green":966,"stat.killEntity.LavaSlime":177,"stat.mineBlock.mysticalagriculture.inferium_furnace":1,"stat.pickup.excompressum.bait":7,"stat.drop.thermalexpansion.machine":1,"stat.pickup.minecraft.redstone_block":1,"stat.pickup.minecraft.log":5,"stat.useItem.minecraft.cooked_fish":3,"stat.drop.quantumflux.craftingpiece":1,"stat.pickup.minecraft.compass":2,"stat.craftItem.minecraft.stone_button":9,"stat.pickup.minecraft.web":4,"stat.pickup.minecraft.sapling":4,"stat.pickup.roost.chicken":161,"stat.pickup.minecraft.wooden_door":4,"stat.pickup.mysticalagriculture.growth_accelerator":9,"stat.pickup.minecraft.diamond_helmet":11,"stat.pickup.extrautils2.spike_iron":12,"stat.pickup.cyclicmagic.magnet_block":1,"stat.pickup.tconstruct.slime_boots":2,"stat.craftItem.harvestcraft.apiary":2,"stat.sneakTime":47819,"stat.pickup.minecraft.rabbit":6,"stat.mineBlock.minecraft.cobblestone_wall":106,"stat.drop.minecraft.bucket":2,"stat.mineBlock.extrautils2.compressedgravel":309,"stat.pickup.minecraft.stone_slab":1,"stat.pickup.minecraft.yellow_flower":2,"stat.pickup.minecraft.chest":1,"stat.craftItem.minecraft.diamond_chestplate":6,"stat.useItem.mysticalagriculture.tier1_inferium_seeds":11,"stat.pickup.immersiveengineering.ore":7,"stat.pickup.minecraft.bone":42,"stat.pickup.minecraft.redstone_torch":11,"stat.mineBlock.mysticalagriculture.growth_accelerator":9,"stat.mineBlock.minecraft.slime":9,"stat.pickup.enderstorage.ender_pouch":1,"stat.useItem.minecraft.diamond_sword":556,"stat.craftItem.minecraft.diamond_helmet":5,"stat.pickup.cyclicmagic.spikes_diamond":5,"stat.pickup.exnihilocreatio.item_ore_lead":7,"stat.pickup.extrautils2.interactionproxy":1,"stat.craftItem.extrautils2.compressedcobblestone":124,"stat.swimOneCm":237617,"stat.mineBlock.minecraft.diamond_block":2,"stat.climbOneCm":616,"stat.craftItem.minecraft.gold_block":14,"stat.pickup.thermalexpansion.machine":3,"stat.ae2.ItemsExtracted":10091,"stat.useItem.minecraft.dirt":296,"stat.pickup.minecraft.golden_helmet":5,"stat.pickup.botania.terrasteelchest":1,"stat.pickup.actuallyadditions.item_helm_obsidian":1,"stat.mineBlock.extrautils2.spike_iron":18,"stat.craftItem.minecraft.bone_block":3,"stat.pickup.minecraft.enchanting_table":3,"stat.craftItem.minecraft.trapdoor":0,"stat.pickup.excompressum.compressed_hammer_diamond":1,"stat.craftItem.minecraft.stone_pickaxe":1,"stat.pickup.minecraft.cobblestone":6603,"stat.mineBlock.minecraft.carpet":101,"stat.mineBlock.minecraft.redstone_block":1,"stat.craftItem.mysticalagriculture.soulstone":0,"stat.pickup.minecraft.clay":20,"stat.pickup.minecraft.soul_sand":18,"stat.pickup.minecraft.glass_bottle":1,"stat.craftItem.mysticalagriculture.ingot_storage":0,"stat.drop.minecraft.wheat_seeds":4,"stat.craftItem.extrautils2.compresseddirt":308,"stat.craftItem.minecraft.wooden_slab":12,"stat.pickup.minecraft.cactus":1,"stat.pickup.extrautils2.compressedgravel":189,"stat.pickup.minecraft.redstone":66,"stat.drop.fluidcows.stall":1,"stat.useItem.mekanism.transmitter":8,"stat.craftItem.minecraft.book":64,"stat.pickup.exnihilocreatio.hammer_stone":4,"stat.useItem.minecraft.sign":4,"stat.pickup.minecraft.mutton":2,"stat.craftItem.actuallyadditions.item_helm_emerald":2,"stat.craftItem.torchmaster.mega_torch":2,"stat.drop.minecraft.coal":1,"stat.useItem.minecraft.lever":2,"stat.pickup.minecraft.cake":7,"stat.mineBlock.mysticalagriculture.seed_reprocessor":1,"stat.pickup.minecraft.redstone_lamp":3,"stat.pickup.minecraft.carpet":435,"stat.pickup.minecraft.trapdoor":23,"stat.drop.cyclicmagic.sprinkler":1,"stat.craftItem.tconstruct.soil":144,"stat.craftItem.exnihilocreatio.hammer_stone":77,"stat.craftItem.minecraft.stone_slab2":0,"stat.pickup.exnihilocreatio.item_ore_aluminium":8,"stat.pickup.mekanismtools.glowstonehelmet":1,"stat.pickup.minecraft.nether_star":2,"stat.craftItem.actuallyadditions.item_pants_obsidian":2,"stat.pickup.minecraft.paper":31,"stat.craftItem.minecraft.stick":308,"stat.mineBlock.mekanism.oreblock":1,"stat.drop.thermalfoundation.wrench":1,"stat.useItem.minecraft.stone_slab":1,"stat.pickup.exnihilocreatio.item_material":1,"stat.craftItem.minecraft.stone":183,"stat.useItem.tconstruct.casting":1,"stat.mineBlock.minecraft.crafting_table":1,"stat.useItem.excompressum.compressed_hammer_stone":719,"stat.craftItem.cyclicmagic.spikes_diamond":0,"stat.pickup.minecraft.diamond_chestplate":17,"stat.entityKilledBy.Creeper":3,"stat.pickup.chancecubes.chance_icosahedron":1,"stat.mineBlock.minecraft.planks":1472,"stat.useItem.extrautils2.compressedsand":245,"stat.drop":71,"stat.useItem.thermalfoundation.tool.hammer_invar":62,"stat.pickup.minecraft.stone_button":1,"stat.drop.cyclicmagic.cyclic_wand_build":1,"stat.killEntity.Sheep":1,"stat.pickup.minecraft.slime_ball":12,"stat.craftItem.exnihilocreatio.item_ore_copper":7,"stat.pickup.petrock.stoneium":5,"stat.useItem.tp.reinforced_obsidian":4,"stat.craftItem.minecraft.piston":2,"stat.useItem.tp.bams_pizza":5,"stat.killEntity.BrainyZombie":7,"stat.useItem.thermalfoundation.wrench":1,"stat.craftItem.chancecubes.chance_cube":36,"stat.drop.minecraft.wooden_pickaxe":1,"stat.pickup.minecraft.gravel":1351,"stat.useItem.extrautils2.compressedcobblestone":122,"stat.killEntity.Slime":9,"stat.pickup.stonechest.part_cobblestone":1,"stat.useItem.minecraft.apple":22,"stat.useItem.mysticalagriculture.tier4_inferium_seeds":30,"stat.useItem.exnihilocreatio.block_dust":1,"stat.pickup.exnihilocreatio.item_ore_tin":8,"stat.mineBlock.mekanism.cardboardbox":7,"stat.pickup.minecraft.diamond_sword":3,"stat.pickup.minecraft.fence":64,"stat.pickup.minecraft.iron_helmet":2,"stat.craftItem.actuallyadditions.item_boots_emerald":2,"stat.useItem.tp.birthday_pickaxe":3650,"stat.killEntity.Rooster":1,"stat.pickup.minecraft.spider_eye":10,"stat.pickup.wct.wct":3,"stat.pickup.tp.bsc_iron_sword":8,"stat.useItem.minecraft.stone_button":8,"stat.pickup.minecraft.experience_bottle":2,"stat.useItem.minecraft.cooked_chicken":56,"stat.pickup.minecraft.iron_ore":1,"stat.pickup.actuallyadditions.item_helm_crystal_green":2,"stat.pickup.minecraft.snow":4,"stat.pickup.extrautils2.bagofholding":1,"stat.boatOneCm":1011,"stat.mineBlock.minecraft.iron_bars":1,"stat.craftItem.exnihilocreatio.item_ore_iron":21,"stat.mineBlock.tconstruct.tooltables":1,"stat.drop.actuallyadditions.item_booklet":1,"stat.mineBlock.minecraft.stone_stairs":73,"stat.craftItem.minecraft.iron_bars":16,"stat.pickup.minecraft.leather":10,"stat.mineBlock.minecraft.furnace":1,"stat.pickup.minecraft.dark_oak_fence":2,"stat.dispenserInspected":25,"stat.pickup.mysticalagriculture.crafting":26491,"stat.useItem.chancecubes.chance_icosahedron":1,"stat.pickup.minecraft.reeds":744,"stat.pickup.exnihilocreatio.item_ore_silver":53,"stat.killEntity.CaveSpider":7,"stat.pickup.mysticalagriculture.fertilized_essence":1,"stat.pickup.tconstruct.materials":8,"stat.damageDealt":49338,"stat.craftItem.minecraft.glass":61,"stat.pickup.extrautils2.wateringcan":3,"stat.craftItem.mysticalagradditions.insanium":0,"stat.sleepInBed":1,"stat.craftItem.minecraft.iron_sword":1,"stat.walkOneCm":3823468,"stat.craftItem.excompressum.compressed_block":259,"stat.pickup.thermalfoundation.tool.hammer_invar":2,"stat.pickup.minecraft.stick":10,"stat.pickup.minecraft.clay_ball":4,"stat.pickup.quantumflux.craftingpiece":3,"stat.pickup.extrautils2.minichest":2,"stat.craftItem.exnihilocreatio.item_ore_nickel":26,"stat.craftItem.minecraft.diamond_boots":5,"stat.craftItem.actuallyadditions.item_pants_emerald":2,"stat.useItem.minecraft.redstone_block":4,"stat.pickup.minecraft.stone":41,"stat.mineBlock.minecraft.wool":34,"stat.craftItem.minecraft.redstone":18,"stat.pickup.actuallyadditions.item_spawner_changer":2,"stat.craftItem.mysticalagriculture.inferium_furnace":0,"stat.useItem.actuallyadditions.item_hoe_emerald":8,"stat.mineBlock.cyclicmagic.sprinkler":6,"stat.pickup.minecraft.gold_ingot":97,"stat.mineBlock.thermalfoundation.ore_fluid":1,"stat.killEntity.Skeleton":34,"stat.mineBlock.minecraft.cactus":1,"stat.craftItem.exnihilocreatio.item_ore_tin":43,"stat.killEntity.Chicken":3,"stat.mineBlock.minecraft.redstone_torch":10,"stat.killEntity.Spider":20,"stat.mineBlock.minecraft.quartz_ore":1,"stat.pickup.minecraft.bread":1,"stat.pickup.mysticalagradditions.tier6_inferium_seeds":5,"stat.pickup.minecraft.quartz":10,"stat.pickup.storagedrawers.upgrade_storage":2,"stat.drop.chancecubes.compact_giant_chance_cube":1,"stat.useItem.minecraft.golden_apple":70,"stat.pickup.minecraft.water_bucket":4,"stat.mineBlock.minecraft.leaves":9,"stat.mineBlock.minecraft.redstone_ore":1,"stat.useItem.mysticalagriculture.mystical_fertilizer":2560,"stat.mineBlock.tconstruct.casting":1,"stat.pickup.minecraft.lava_bucket":2,"stat.craftItem.minecraft.coal_block":0,"stat.craftItem.exnihilocreatio.item_mesh":4,"stat.mineBlock.minecraft.stone":2336}