{"stat.pickup.minecraft.wooden_slab":1,"stat.leaveGame":13,"stat.craftItem.mysticalagriculture.infusion_crystal":0,"stat.drop.extrautils2.machine":1,"stat.craftItem.excompressum.compressed_hammer_stone":9,"stat.useItem.chancecubes.chance_cube":60,"stat.killEntity.PigZombie":2,"stat.mineBlock.minecraft.web":126,"stat.drop.tp.bsc_iron_sword":4,"stat.mineBlock.gravestone.gravestone":15,"stat.pickup.harvestcraft.calamarirawitem":29,"stat.pickup.exnihilocreatio.block_dust":2336,"stat.pickup.minecraft.rotten_flesh":144,"stat.pickup.excompressum.compressed_block":9,"stat.pickup.minecraft.bucket":6,"stat.killEntity.Enderman":28,"stat.craftItem.avaritia.double_compressed_crafting_table":1,"stat.pickup.minecraft.brown_mushroom":9,"stat.killEntity.Witch":11,"stat.pickup.extrautils2.biomemarker":1,"stat.pickup.exnihilocreatio.item_ore_copper":11,"stat.pickup.cyclicmagic.cyclic_wand_build":1,"stat.craftItem.harvestcraft.presser":1,"stat.pickup.appliedenergistics2.fluix_block":4,"stat.craftItem.extrautils2.machine":8,"stat.pickup.thermalfoundation.upgrade":2,"stat.pickup.harvestcraft.presser":1,"stat.craftItem.minecraft.glass_pane":16,"stat.mineBlock.minecraft.hopper":1,"stat.pickup.thermalfoundation.material":13,"stat.craftItem.tp.iron_cobblegen_block":1,"stat.furnaceInteraction":57,"stat.mineBlock.chancecubes.chance_cube":71,"stat.useItem.minecraft.golden_carrot":12,"stat.killEntity.ZombieVillager":1,"stat.pickup.minecraft.sponge":1,"stat.craftItem.roost.breeder":0,"stat.craftItem.mysticalagriculture.crafting":0,"stat.pickup.thermalfoundation.meter":3,"stat.drop.cyclicmagic.magnet_block":1,"stat.pickup.minecraft.potion":1,"stat.pickup.tp.iron_cobblegen_block":1,"stat.useItem.minecraft.wheat_seeds":18,"stat.pickup.minecraft.emerald":3,"stat.pickup.cyclicmagic.tool_torch_launcher":5,"stat.useItem.minecraft.dye":686,"stat.drop.tp.iron_cobblegen_block":2,"stat.pickup.minecraft.lever":3,"stat.deaths":14,"stat.pickup.minecraft.egg":6,"stat.pickup.actuallyadditions.item_dust":31,"stat.craftItem.minecraft.item_frame":3,"stat.pickup.randomthings.advanceditemcollector":1,"stat.pickup.minecraft.clock":1,"stat.drop.tp.birthday_pickaxe":1,"stat.mineBlock.minecraft.tallgrass":1,"stat.mineBlock.thermalexpansion.machine":1,"stat.chestOpened":509,"stat.pickup.thermalfoundation.wrench":3,"stat.craftItem.roost.roost":0,"stat.craftItem.minecraft.sign":6,"stat.useItem.minecraft.stone":2,"stat.pickup.minecraft.arrow":21,"stat.pickup.extrautils2.compressedcobblestone":1,"stat.drop.thermalcultivation.watering_can":1,"stat.pickup.minecraft.gold_nugget":66,"stat.pickup.tconstruct.cast_custom":2,"stat.useItem.roost.breeder":5,"stat.pickup.minecraft.carrot":16,"stat.drop.minecraft.stone_sword":1,"stat.crouchOneCm":32725,"stat.mineBlock.minecraft.chest":1,"stat.craftItem.minecraft.iron_ingot":27,"stat.drop.minecraft.slime_ball":1,"stat.craftingTableInteraction":100,"stat.pickup.minecraft.repeater":1,"stat.mineBlock.minecraft.log2":10,"stat.useItem.minecraft.reeds":116,"stat.craftItem.buildcraftcore.gear_iron":1,"stat.pickup.exnihilocreatio.item_ore_gold":39,"stat.pickup.minecraft.dye":921,"stat.pickup.minecraft.planks":679,"stat.pickup.minecraft.wheat_seeds":549,"stat.mineBlock.minecraft.glass":5,"stat.pickup.cyclicmagic.water_candle":1,"stat.useItem.plustic.laser_gun":1,"stat.mineBlock.minecraft.dirt":217,"stat.craftItem.tp.compressed_sugar_cane":4,"stat.craftItem.avaritia.resource":7,"stat.pickup.exnihilocreatio.item_mesh":1,"stat.pickup.immersiveengineering.seed":2,"stat.mineBlock.extrautils2.compresseddirt":308,"stat.drop.minecraft.rotten_flesh":1,"stat.useItem.minecraft.cobblestone":620,"stat.useItem.minecraft.gravel":98,"stat.pickup.botania.blacklotus":8,"stat.craftItem.exnihilocreatio.block_sieve":1,"stat.pickup.minecraft.iron_pickaxe":1,"stat.drop.minecraft.carrot":2,"stat.pickup.randomthings.timeinabottle":9,"stat.craftItem.minecraft.gold_ingot":9,"stat.pickup.minecraft.hopper":1,"stat.pickup.petrock.petrockspawn":1,"stat.pickup.minecraft.chicken":6,"stat.pickup.minecraft.tipped_arrow":10,"stat.pickup.minecraft.apple":23,"stat.pickup.extrautils2.compresseddirt":61,"stat.craftItem.minecraft.bucket":1,"stat.craftItem.minecraft.planks":664,"stat.useItem.minecraft.iron_sword":126,"stat.pickup.minecraft.stone_sword":2,"stat.useItem.excompressum.compressed_block":1,"stat.pickup.minecraft.book":3,"stat.mineBlock.minecraft.log":20,"stat.pickup.minecraft.iron_door":10,"stat.useItem.roost.chicken":591,"stat.craftItem.minecraft.paper":495,"stat.killEntity.BabySkeleton":1,"stat.pickup.minecraft.red_flower":3,"stat.craftItem.thermalexpansion.frame":1,"stat.pickup.minecraft.wool":23,"stat.pickup.exnihilocreatio.block_sieve":1,"stat.pickup.harvestcraft.epicbaconitem":28,"stat.pickup.minecraft.tripwire_hook":3,"stat.craftItem.excompressum.auto_sieve":1,"stat.craftItem.minecraft.diamond_leggings":3,"stat.mineBlock.minecraft.cobblestone":2104,"stat.pickup.minecraft.flint":3,"stat.useItem.cyclicmagic.cyclic_wand_build":1,"stat.drop.randomthings.advanceditemcollector":1,"stat.useItem.minecraft.snow":1,"stat.pickup.minecraft.enchanted_book":3,"stat.useItem.minecraft.cookie":27,"stat.useItem.minecraft.stone_slab2":230,"stat.craftItem.avaritia.compressed_crafting_table":9,"stat.pickup.minecraft.bow":1,"stat.pickup.minecraft.iron_boots":1,"stat.craftItem.minecraft.furnace":2,"stat.craftItem.minecraft.lapis_block":80,"stat.pickup.thermalfoundation.ore":10,"stat.useItem.minecraft.egg":1,"stat.pickup.tp.cooked_apple":10,"stat.mineBlock.minecraft.obsidian":14,"stat.pickup.minecraft.diamond_leggings":8,"stat.useItem.exnihilocreatio.hammer_stone":147,"stat.flyOneCm":1492591,"stat.pickup.minecraft.sandstone":3,"stat.pickup.actuallyadditions.item_booklet":1,"stat.pickup.minecraft.fish":30,"stat.useItem.extrautils2.compressedgravel":303,"stat.timeSinceDeath":247006,"stat.killEntity.Bat":1,"stat.pickup.hatchery.chickenmanure":21,"stat.craftItem.minecraft.stonebrick":4,"stat.mineBlock.minecraft.enchanting_table":1,"stat.mineBlock.minecraft.coal_ore":4,"stat.killEntity.Creeper":6,"stat.talkedToVillager":14,"stat.craftItem.actuallyadditions.item_chest_emerald":2,"stat.pickup.minecraft.string":181,"stat.ae2.ItemsInserted":9455,"stat.pickup.excompressum.compressed_hammer_stone":1,"stat.mineBlock.harvestcraft.presser":1,"stat.entityKilledBy.Skeleton":3,"stat.useItem.minecraft.written_book":4,"stat.killEntity.Squid":8,"stat.sprintOneCm":1429539,"stat.mineBlock.minecraft.stone_slab":35,"stat.pickup.cyclicmagic.ender_pearl_mounted":1,"stat.mineBlock.minecraft.diamond_ore":1,"stat.pickup.minecraft.leather_leggings":1,"stat.pickup.minecraft.spawn_egg":16,"stat.pickup.minecraft.sugar":2,"stat.craftItem.minecraft.emerald":11,"stat.mineBlock.extrautils2.compressedsand":251,"stat.killEntity.Zombie":72,"stat.craftItem.minecraft.dye":78,"stat.pickup.minecraft.fire_charge":1,"stat.diveOneCm":21348,"stat.pickup.minecraft.wheat":604,"stat.pickup.tconstruct.tooltables":1,"stat.pickup.extrautils2.machine":3,"stat.craftItem.exnihilocreatio.item_ore_osmium":7,"stat.pickup.minecraft.sign":5,"stat.pickup.minecraft.obsidian":16,"stat.craftItem.thermalexpansion.machine":1,"stat.useItem.minecraft.rotten_flesh":11,"stat.craftItem.minecraft.diamond_sword":2,"stat.jump":7909,"stat.useItem.minecraft.sand":112,"stat.pickup.tp.birthday_pickaxe":7,"stat.pickup.minecraft.coal":10,"stat.pickup.minecraft.iron_ingot":7,"stat.pickup.minecraft.gunpowder":65,"stat.craftItem.minecraft.torch":304,"stat.mineBlock.chancecubes.giant_chance_cube":4,"stat.pickup.minecraft.dirt":3070,"stat.drop.thermalfoundation.tool.hammer_invar":2,"stat.mineBlock.minecraft.lapis_ore":3,"stat.pickup.minecraft.cookie":49,"stat.damageTaken":11343,"stat.drop.botania.specialflower":1,"stat.mineBlock.minecraft.torch":21,"stat.pickup.minecraft.written_book":4,"stat.pickup.immersiveengineering.metal":6,"stat.tradedWithVillager":12,"stat.pickup.minecraft.magma_cream":4,"stat.pickup.minecraft.log2":10,"stat.pickup.appliedenergistics2.biometric_card":1,"stat.pickup.minecraft.potato":4,"stat.craftItem.chancecubes.chance_pendant_tier2":0,"stat.pickup.minecraft.rabbit_hide":8,"stat.entityKilledBy.Zombie":2,"stat.craftItem.chancecubes.chance_pendant_tier1":2,"stat.craftItem.extrautils2.compressedsand":277,"stat.craftItem.chancecubes.chance_pendant_tier3":0,"stat.killEntity.Silverfish":10,"stat.useItem.excompressum.compressed_hammer_diamond":552,"stat.craftItem.minecraft.stone_slab":18,"stat.useItem.minecraft.chest":9,"stat.craftItem.mekanism.cardboardbox":1,"stat.useItem.minecraft.lava_bucket":1,"stat.pickup.minecraft.rabbit_foot":3,"stat.shulkerBoxOpened":1,"stat.pickup.minecraft.ender_pearl":11,"stat.useItem.minecraft.netherrack":2,"stat.useItem.chancecubes.compact_giant_chance_cube":2,"stat.pickup.thermalcultivation.watering_can":1,"stat.craftItem.minecraft.bookshelf":22,"stat.pickup.extrautils2.drum":6,"stat.craftItem.tp.cooked_apple":12,"stat.pickup.harvestcraft.queenbeeitem":1,"stat.mobKills":318,"stat.pickup.minecraft.diamond_boots":7,"stat.mineBlock.minecraft.bookshelf":1,"stat.drop.minecraft.written_book":1,"stat.craftItem.exnihilocreatio.item_ore_gold":11,"stat.useItem.minecraft.boat":1,"stat.craftItem.minecraft.lead":0,"stat.pickup.minecraft.diamond":7,"stat.pickup.ftbquests.lootcrate":53,"stat.pickup.minecraft.torch":1262,"stat.craftItem.exnihilocreatio.item_ore_aluminium":35,"stat.pickup.thaumcraft.brain":4,"stat.craftItem.chancecubes.scanner":2,"stat.craftItem.exnihilocreatio.item_ore_silver":32,"stat.drop.minecraft.arrow":1,"stat.pickup.mekanism.cardboardbox":9,"stat.mineBlock.exnihilocreatio.block_sieve":1,"stat.useItem.extrautils2.compresseddirt":303,"stat.useItem.randomthings.timeinabottle":38,"stat.mineBlock.thaumcraft.ore_quartz":2,"stat.useItem.minecraft.bookshelf":17,"stat.pickup.minecraft.lapis_block":98,"stat.mineBlock.extrautils2.compressedcobblestone":125,"stat.pickup.minecraft.fishing_rod":1,"stat.useItem.minecraft.planks":23,"stat.craftItem.exnihilocreatio.block_dust":252,"stat.pickup.minecraft.glowstone_dust":3,"stat.mineBlock.immersiveengineering.ore":6,"stat.pickup.minecraft.porkchop":4,"stat.useItem.minecraft.water_bucket":44,"stat.mineBlock.minecraft.red_mushroom":1,"stat.useItem.harvestcraft.calamarirawitem":1,"stat.pickup.minecraft.sand":2885,"stat.useItem.tp.bsc_iron_sword":467,"stat.pickup.exnihilocreatio.item_pebble":144,"stat.pickup.thermalfoundation.security":5,"stat.craftItem.tconstruct.casting":1,"stat.craftItem.minecraft.stone_sword":1,"stat.drop.roost.chicken":1,"stat.useItem.minecraft.ender_pearl":1,"stat.useItem.minecraft.brown_mushroom":1,"stat.mineBlock.minecraft.sand":105,"stat.craftItem.cyclicmagic.sprinkler":1,"stat.craftItem.minecraft.cooked_fish":3,"stat.hopperInspected":7,"stat.useItem.yabba.item_barrel":3,"stat.pickup.chancecubes.compact_giant_chance_cube":4,"stat.killEntity.thermalfoundation.basalz":3,"stat.pickup.projectred-core.resource_item":3,"stat.useItem.tp.cooked_apple":20,"stat.pickup.quantumflux.graphitedust":1,"stat.mineBlock.minecraft.dark_oak_stairs":182,"stat.pickup.actuallyadditions.item_solidified_experience":33,"stat.craftItem.thermalfoundation.material":13,"stat.pickup.chickens.colored_egg":1,"stat.pickup.extrautils2.compressedsand":19,"stat.pickup.exnihilocreatio.item_ore_iron":29,"stat.pickup.minecraft.iron_chestplate":1,"stat.pickup.minecraft.skull":15,"stat.pickup.exnihilocreatio.item_ore_osmium":1,"stat.pickup.chancecubes.chance_cube":58,"stat.pickup.minecraft.stone_stairs":1,"stat.craftItem.minecraft.sand":261,"stat.craftItem.ironchest.iron_chest":6,"stat.pickup.minecraft.golden_carrot":45,"stat.pickup.exnihilocreatio.item_ore_nickel":37,"stat.useItem.minecraft.hopper":4,"stat.mineBlock.minecraft.soul_sand":2,"stat.useItem.roost.roost":3,"stat.craftItem.exnihilocreatio.item_ore_lead":15,"stat.drop.randomthings.timeinabottle":1,"stat.playOneMinute":923353,"stat.drop.minecraft.string":2,"stat.pickup.tp.bams_pizza":13,"stat.pickup.thermalfoundation.glass_alloy":16,"stat.craftItem.minecraft.diamond_block":2,"stat.pickup.minecraft.diamond_block":1,"stat.pickup.minecraft.iron_bars":2,"stat.pickup.minecraft.dispenser":4,"stat.pickup.minecraft.netherrack":151,"stat.pickup.minecraft.pumpkin":1,"stat.pickup.tconstruct.casting":2,"stat.drop.minecraft.hopper":2,"stat.craftItem.appliedenergistics2.material":3,"stat.drop.cyclicmagic.tool_torch_launcher":1,"stat.mineBlock.minecraft.netherrack":101,"stat.craftItem.minecraft.iron_nugget":1,"stat.pickup.minecraft.cooked_chicken":70,"stat.fallOneCm":75987,"stat.craftItem.minecraft.enchanted_book":1,"stat.craftItem.minecraft.chest":13,"stat.mineBlock.minecraft.lever":1,"stat.pickup.minecraft.melon":1,"stat.drop.appliedenergistics2.drive":1,"stat.pickup.actuallyadditions.item_chest_obsidian":1,"stat.pickup.minecraft.record_cat":1,"stat.pickup.excompressum.wood_chippings":38,"stat.useItem.harvestcraft.epicbaconitem":6,"stat.pickup.minecraft.slime":9,"stat.craftItem.tconstruct.materials":49,"stat.pickup.betterbuilderswands.wandstone":1,"stat.pickup.minecraft.iron_leggings":1,"stat.drop.chickens.colored_egg":2,"stat.craftItem.tp.bsc_rod":4,"stat.pickup.minecraft.lead":3,"stat.mineBlock.minecraft.gravel":102,"stat.useItem.minecraft.stone_pickaxe":131,"stat.useItem.minecraft.stone_sword":11,"stat.killEntity.Rabbit":7,"stat.craftItem.tp.bsc_iron_sword":4,"stat.pickup.botania.specialflower":1,"stat.useItem.chickens.colored_egg":1,"stat.useItem.minecraft.torch":200,"stat.mineBlock.exnihilocreatio.block_dust":2,"stat.pickup.minecraft.golden_apple":141,"stat.pickup.minecraft.crafting_table":1,"stat.useItem.minecraft.log":16,"stat.craftItem.minecraft.crafting_table":89,"stat.craftItem.extrautils2.compressedgravel":124,"stat.drop.ironchest.iron_chest":2,"stat.craftItem.minecraft.boat":1,"stat.killEntity.LavaSlime":92,"stat.pickup.excompressum.bait":5,"stat.drop.thermalexpansion.machine":1,"stat.pickup.minecraft.log":5,"stat.useItem.minecraft.cooked_fish":3,"stat.drop.quantumflux.craftingpiece":1,"stat.pickup.minecraft.compass":1,"stat.pickup.minecraft.web":4,"stat.pickup.minecraft.sapling":4,"stat.pickup.roost.chicken":32,"stat.pickup.minecraft.diamond_helmet":6,"stat.pickup.extrautils2.spike_iron":12,"stat.pickup.cyclicmagic.magnet_block":1,"stat.pickup.tconstruct.slime_boots":2,"stat.craftItem.harvestcraft.apiary":2,"stat.sneakTime":15924,"stat.pickup.minecraft.rabbit":5,"stat.mineBlock.minecraft.cobblestone_wall":106,"stat.drop.minecraft.bucket":2,"stat.mineBlock.extrautils2.compressedgravel":309,"stat.pickup.minecraft.stone_slab":1,"stat.pickup.minecraft.yellow_flower":2,"stat.craftItem.minecraft.diamond_chestplate":6,"stat.pickup.immersiveengineering.ore":7,"stat.pickup.minecraft.bone":36,"stat.mineBlock.minecraft.slime":9,"stat.useItem.minecraft.diamond_sword":511,"stat.craftItem.minecraft.diamond_helmet":5,"stat.pickup.exnihilocreatio.item_ore_lead":7,"stat.craftItem.extrautils2.compressedcobblestone":124,"stat.swimOneCm":141987,"stat.mineBlock.minecraft.diamond_block":1,"stat.climbOneCm":424,"stat.craftItem.minecraft.gold_block":14,"stat.pickup.thermalexpansion.machine":3,"stat.ae2.ItemsExtracted":1819,"stat.useItem.minecraft.dirt":239,"stat.pickup.minecraft.golden_helmet":3,"stat.pickup.botania.terrasteelchest":1,"stat.pickup.actuallyadditions.item_helm_obsidian":1,"stat.mineBlock.extrautils2.spike_iron":18,"stat.craftItem.minecraft.bone_block":3,"stat.pickup.minecraft.enchanting_table":1,"stat.pickup.excompressum.compressed_hammer_diamond":1,"stat.craftItem.minecraft.stone_pickaxe":1,"stat.pickup.minecraft.cobblestone":5350,"stat.mineBlock.minecraft.carpet":98,"stat.pickup.minecraft.clay":18,"stat.pickup.minecraft.soul_sand":3,"stat.pickup.minecraft.glass_bottle":1,"stat.craftItem.extrautils2.compresseddirt":308,"stat.craftItem.minecraft.wooden_slab":12,"stat.pickup.minecraft.cactus":1,"stat.pickup.extrautils2.compressedgravel":185,"stat.pickup.minecraft.redstone":12,"stat.drop.fluidcows.stall":1,"stat.craftItem.minecraft.book":64,"stat.pickup.exnihilocreatio.hammer_stone":4,"stat.useItem.minecraft.sign":4,"stat.craftItem.actuallyadditions.item_helm_emerald":2,"stat.craftItem.torchmaster.mega_torch":2,"stat.useItem.minecraft.lever":2,"stat.pickup.minecraft.carpet":241,"stat.drop.cyclicmagic.sprinkler":1,"stat.craftItem.tconstruct.soil":144,"stat.craftItem.exnihilocreatio.hammer_stone":77,"stat.craftItem.minecraft.stone_slab2":0,"stat.pickup.exnihilocreatio.item_ore_aluminium":8,"stat.pickup.mekanismtools.glowstonehelmet":1,"stat.craftItem.actuallyadditions.item_pants_obsidian":2,"stat.pickup.minecraft.paper":31,"stat.craftItem.minecraft.stick":308,"stat.drop.thermalfoundation.wrench":1,"stat.useItem.minecraft.stone_slab":1,"stat.pickup.exnihilocreatio.item_material":1,"stat.craftItem.minecraft.stone":60,"stat.useItem.tconstruct.casting":1,"stat.mineBlock.minecraft.crafting_table":1,"stat.useItem.excompressum.compressed_hammer_stone":719,"stat.pickup.minecraft.diamond_chestplate":14,"stat.entityKilledBy.Creeper":3,"stat.mineBlock.minecraft.planks":1468,"stat.useItem.extrautils2.compressedsand":245,"stat.drop":43,"stat.useItem.thermalfoundation.tool.hammer_invar":62,"stat.pickup.minecraft.stone_button":1,"stat.drop.cyclicmagic.cyclic_wand_build":1,"stat.pickup.minecraft.slime_ball":3,"stat.craftItem.exnihilocreatio.item_ore_copper":7,"stat.pickup.petrock.stoneium":5,"stat.craftItem.minecraft.piston":2,"stat.useItem.tp.bams_pizza":3,"stat.killEntity.BrainyZombie":6,"stat.useItem.thermalfoundation.wrench":1,"stat.craftItem.chancecubes.chance_cube":36,"stat.pickup.minecraft.gravel":1348,"stat.useItem.extrautils2.compressedcobblestone":122,"stat.killEntity.Slime":3,"stat.pickup.stonechest.part_cobblestone":1,"stat.useItem.minecraft.apple":22,"stat.useItem.exnihilocreatio.block_dust":1,"stat.pickup.exnihilocreatio.item_ore_tin":8,"stat.mineBlock.mekanism.cardboardbox":7,"stat.pickup.minecraft.diamond_sword":2,"stat.pickup.minecraft.fence":32,"stat.pickup.minecraft.iron_helmet":2,"stat.craftItem.actuallyadditions.item_boots_emerald":2,"stat.useItem.tp.birthday_pickaxe":3287,"stat.killEntity.Rooster":1,"stat.pickup.minecraft.spider_eye":7,"stat.pickup.wct.wct":1,"stat.pickup.tp.bsc_iron_sword":8,"stat.useItem.minecraft.cooked_chicken":56,"stat.pickup.minecraft.iron_ore":1,"stat.pickup.minecraft.snow":2,"stat.boatOneCm":1011,"stat.mineBlock.minecraft.iron_bars":1,"stat.craftItem.exnihilocreatio.item_ore_iron":21,"stat.mineBlock.tconstruct.tooltables":1,"stat.drop.actuallyadditions.item_booklet":1,"stat.mineBlock.minecraft.stone_stairs":73,"stat.craftItem.minecraft.iron_bars":16,"stat.pickup.minecraft.leather":5,"stat.pickup.minecraft.dark_oak_fence":2,"stat.dispenserInspected":21,"stat.pickup.mysticalagriculture.crafting":67,"stat.pickup.minecraft.reeds":742,"stat.pickup.exnihilocreatio.item_ore_silver":53,"stat.killEntity.CaveSpider":7,"stat.pickup.tconstruct.materials":8,"stat.damageDealt":42333,"stat.craftItem.minecraft.glass":61,"stat.pickup.extrautils2.wateringcan":2,"stat.craftItem.mysticalagradditions.insanium":0,"stat.sleepInBed":1,"stat.craftItem.minecraft.iron_sword":1,"stat.walkOneCm":2600791,"stat.craftItem.excompressum.compressed_block":259,"stat.pickup.thermalfoundation.tool.hammer_invar":2,"stat.pickup.minecraft.stick":5,"stat.pickup.quantumflux.craftingpiece":3,"stat.craftItem.exnihilocreatio.item_ore_nickel":26,"stat.craftItem.minecraft.diamond_boots":5,"stat.craftItem.actuallyadditions.item_pants_emerald":2,"stat.pickup.minecraft.stone":30,"stat.mineBlock.minecraft.wool":34,"stat.craftItem.minecraft.redstone":18,"stat.pickup.actuallyadditions.item_spawner_changer":2,"stat.pickup.minecraft.gold_ingot":79,"stat.killEntity.Skeleton":31,"stat.mineBlock.minecraft.cactus":1,"stat.craftItem.exnihilocreatio.item_ore_tin":43,"stat.killEntity.Chicken":2,"stat.killEntity.Spider":13,"stat.mineBlock.minecraft.quartz_ore":1,"stat.pickup.minecraft.quartz":4,"stat.pickup.storagedrawers.upgrade_storage":2,"stat.drop.chancecubes.compact_giant_chance_cube":1,"stat.useItem.minecraft.golden_apple":50,"stat.pickup.minecraft.water_bucket":3,"stat.mineBlock.minecraft.leaves":9,"stat.mineBlock.minecraft.redstone_ore":1,"stat.mineBlock.tconstruct.casting":1,"stat.pickup.minecraft.lava_bucket":2,"stat.craftItem.exnihilocreatio.item_mesh":4,"stat.mineBlock.minecraft.stone":1415}