{"stat.useItem.minecraft.bow":15,"stat.pickup.minecraft.wooden_slab":1,"stat.pickup.draconicevolution.draconium_dust":33,"stat.pickup.thermalfoundation.fertilizer":16,"stat.leaveGame":4,"stat.drop.minecraft.gunpowder":18,"stat.pickup.mekanism.machineblock2":9,"stat.drop.minecraft.redstone":9,"stat.useItem.chancecubes.chance_cube":159,"stat.mineBlock.minecraft.sandstone":3,"stat.killEntity.PigZombie":17,"stat.craftItem.minecraft.string":2,"stat.drop.exnihilocreatio.item_pebble":8,"stat.mineBlock.minecraft.web":84,"stat.entityKilledBy.PigZombie":1,"stat.drop.tp.bsc_iron_sword":1,"stat.mineBlock.gravestone.gravestone":16,"stat.pickup.harvestcraft.calamarirawitem":32,"stat.pickup.minecraft.rotten_flesh":147,"stat.pickup.exnihilocreatio.block_dust":1,"stat.drop.immersiveengineering.ore":6,"stat.pickup.uppers.upper":1,"stat.pickup.minecraft.cobblestone_wall":134,"stat.pickup.minecraft.bucket":33,"stat.killEntity.Enderman":14,"stat.mineBlock.minecraft.wooden_slab":1,"stat.pickup.integrateddynamics.menril_sapling":7,"stat.killEntity.Witch":18,"stat.pickup.extrautils2.biomemarker":2,"stat.pickup.exnihilocreatio.item_ore_copper":27,"stat.craftItem.excompressum.bait":2,"stat.mineBlock.minecraft.end_stone":546,"stat.useItem.exnihilocreatio.item_material":3,"stat.craftItem.extrautils2.machine":0,"stat.pickup.thermalfoundation.upgrade":1,"stat.useItem.minecraft.spider_eye":2,"stat.pickup.excompressum.heavy_sieve":2,"stat.drop.immersiveengineering.seed":1,"stat.pickup.enderio.item_basic_capacitor":3,"stat.mineBlock.minecraft.hopper":6,"stat.pickup.thermalfoundation.material":46,"stat.mineBlock.chancecubes.chance_cube":162,"stat.furnaceInteraction":25,"stat.drop.minecraft.gravel":5,"stat.useItem.minecraft.golden_carrot":1,"stat.useItem.chickens.spawn_egg":1,"stat.killEntity.ZombieVillager":2,"stat.pickup.extrautils2.enderlilly":6,"stat.pickup.minecraft.sponge":2,"stat.craftItem.roost.breeder":25,"stat.useItem.minecraft.end_stone":94,"stat.pickup.minecraft.prismarine":8,"stat.pickup.extrautils2.klein":5,"stat.pickup.buildinggadgets.constructionpastecontainert3":2,"stat.pickup.minecraft.hay_block":8,"stat.useItem.exnihilocreatio.item_cooked_silkworm":1,"stat.pickup.thermalfoundation.meter":1,"stat.useItem.minecraft.trapdoor":42,"stat.useItem.minecraft.fence":19,"stat.mineBlock.minecraft.fence":1,"stat.useItem.minecraft.flint_and_steel":115,"stat.useItem.minecraft.wheat_seeds":104,"stat.useItem.minecraft.wooden_button":63,"stat.pickup.minecraft.emerald":61,"stat.pickup.cyclicmagic.tool_torch_launcher":13,"stat.pickup.cyclicmagic.charm_air":2,"stat.mineBlock.enderstorage.ender_storage":5,"stat.pickup.minecraft.lever":9,"stat.deaths":16,"stat.pickup.minecraft.egg":21,"stat.useItem.actuallyadditions.item_sword_crystal_green":86,"stat.pickup.minecraft.clock":1,"stat.pickup.exnihilocreatio.hammer_diamond":6,"stat.pickup.draconicevolution.draconium_ingot":9,"stat.craftItem.minecraft.repeater":22,"stat.drop.minecraft.iron_ingot":902,"stat.mineBlock.minecraft.tallgrass":42,"stat.pickup.enderio.item_dark_steel_axe":5,"stat.mineBlock.thermalexpansion.machine":4,"stat.chestOpened":356,"stat.useItem.minecraft.cooked_rabbit":8,"stat.mineBlock.mekanism.machineblock2":10,"stat.pickup.fluxnetworks.fluxstorage":1,"stat.pickup.thermalfoundation.wrench":4,"stat.craftItem.roost.roost":18,"stat.pickup.mekanism.transmitter":10,"stat.useItem.minecraft.stone":16,"stat.pickup.extrautils2.cursedearth":102,"stat.pickup.minecraft.arrow":67,"stat.pickup.minecraft.iron_sword":1,"stat.pickup.extrautils2.compressedcobblestone":19,"stat.drop.thermalcultivation.watering_can":2,"stat.pickup.minecraft.gold_nugget":90,"stat.useItem.extrautils2.klein":6,"stat.useItem.roost.breeder":9,"stat.drop.minecraft.dark_oak_stairs":1,"stat.pickup.minecraft.carrot":4,"stat.useItem.minecraft.rabbit":5,"stat.crouchOneCm":76703,"stat.craftItem.minecraft.iron_ingot":90,"stat.pickup.bonsaitrees.bonsaipot":2,"stat.drop.tp.bams_pizza":1,"stat.craftItem.minecraft.hopper":24,"stat.craftingTableInteraction":14,"stat.drop.thermalfoundation.ore":3,"stat.pickup.extrautils2.spike_stone":2,"stat.pickup.minecraft.repeater":108,"stat.mineBlock.minecraft.log2":10,"stat.pickup.minecraft.wooden_pickaxe":3,"stat.pickup.thermalfoundation.tome_lexicon":1,"stat.useItem.minecraft.reeds":3,"stat.craftItem.draconicevolution.draconic_core":21,"stat.craftItem.buildcraftcore.gear_iron":0,"stat.pickup.minecraft.dye":4271,"stat.pickup.minecraft.planks":427,"stat.drop.thermalfoundation.security":1,"stat.pickup.minecraft.wheat_seeds":750,"stat.pickup.enderio.item_material":11,"stat.useItem.thermalfoundation.glass_alloy":7,"stat.mineBlock.roost.breeder":6,"stat.drop.extrautils2.spike_stone":1,"stat.drop.actuallyadditions.item_rice_seed":1,"stat.mineBlock.minecraft.glass":25,"stat.useItem.enderio.item_dark_steel_axe":31,"stat.pickup.cyclicmagic.water_candle":1,"stat.craftItem.roost.catcher":2,"stat.drop.minecraft.carpet":384,"stat.drop.enderio.item_material":5,"stat.mineBlock.minecraft.dirt":137,"stat.pickup.minecraft.poisonous_potato":2,"stat.pickup.exnihilocreatio.item_mesh":7,"stat.drop.minecraft.paper":51,"stat.pickup.immersiveengineering.seed":2,"stat.drop.minecraft.rotten_flesh":5,"stat.useItem.minecraft.cobblestone":2158,"stat.mineBlock.draconicevolution.draconium_ore":14,"stat.useItem.minecraft.gravel":67,"stat.pickup.extrautils2.crafter":2,"stat.pickup.minecraft.iron_pickaxe":1,"stat.pickup.chancecubes.chance_pendant_tier3":3,"stat.pickup.randomthings.timeinabottle":13,"stat.pickup.minecraft.hopper":16,"stat.pickup.minecraft.chicken":209,"stat.mineBlock.minecraft.silver_shulker_box":24,"stat.pickup.minecraft.tipped_arrow":204,"stat.drop.minecraft.gold_nugget":2,"stat.pickup.thermalexpansion.florb":5,"stat.pickup.minecraft.apple":3,"stat.pickup.minecraft.end_stone":632,"stat.drop.minecraft.fish":5,"stat.craftItem.minecraft.bucket":20,"stat.craftItem.minecraft.planks":1940,"stat.itemEnchanted":62,"stat.pickup.extrautils2.filter":2,"stat.pickup.minecraft.book":128,"stat.craftItem.actuallyadditions.item_helm_crystal_green":2,"stat.pickup.minecraft.iron_door":1,"stat.useItem.roost.chicken":213,"stat.craftItem.minecraft.paper":228,"stat.killEntity.BabySkeleton":1,"stat.pickup.minecraft.red_flower":1,"stat.craftItem.thermalexpansion.frame":0,"stat.pickup.minecraft.wool":110,"stat.pickup.exnihilocreatio.block_sieve":2,"stat.craftItem.minecraft.cobblestone":5,"stat.pickup.harvestcraft.epicbaconitem":30,"stat.cakeSlicesEaten":4,"stat.pickup.minecraft.tripwire_hook":17,"stat.drop.minecraft.pumpkin":1,"stat.craftItem.minecraft.cooked_rabbit":8,"stat.craftItem.minecraft.diamond_leggings":5,"stat.pickup.minecraft.bookshelf":2,"stat.useItem.minecraft.iron_axe":8,"stat.drop.thermalinnovation.drill":1,"stat.mineBlock.minecraft.cobblestone":3504,"stat.mineBlock.minecraft.pumpkin":1,"stat.pickup.minecraft.flint":738,"stat.mineBlock.minecraft.yellow_flower":5,"stat.entityKilledBy.Witch":1,"stat.useItem.minecraft.skull":1,"stat.drop.thermalfoundation.material":1,"stat.craftItem.minecraft.wool":66,"stat.craftItem.minecraft.clock":4,"stat.useItem.minecraft.snow":2,"stat.drop.roost.catcher":2,"stat.pickup.minecraft.enchanted_book":2,"stat.drop.minecraft.cobblestone":1325,"stat.pickup.chickens.spawn_egg":2,"stat.useItem.minecraft.cookie":15,"stat.mineBlock.ironchest.iron_chest":3,"stat.useItem.minecraft.stone_slab2":424,"stat.pickup.minecraft.bow":6,"stat.pickup.minecraft.iron_boots":3,"stat.pickup.actuallyadditions.item_pants_crystal_green":4,"stat.craftItem.minecraft.furnace":44,"stat.mineBlock.mekanism.transmitter":9,"stat.craftItem.minecraft.lapis_block":64,"stat.pickup.thermalfoundation.ore":24,"stat.mineBlock.enderio.block_tank":1,"stat.craftItem.exnihilocreatio.hammer_diamond":1,"stat.useItem.minecraft.egg":7,"stat.craftItem.minecraft.iron_boots":1,"stat.drop.minecraft.cooked_rabbit":1,"stat.mineBlock.minecraft.obsidian":84,"stat.pickup.tp.cooked_apple":253,"stat.useItem.tp.emerald_spear":763,"stat.craftItem.minecraft.bow":22,"stat.pickup.minecraft.diamond_leggings":9,"stat.flyOneCm":3386294,"stat.drop.minecraft.iron_helmet":1,"stat.pickup.minecraft.sandstone":2,"stat.pickup.actuallyadditions.item_booklet":3,"stat.pickup.minecraft.fish":12,"stat.timeSinceDeath":16410,"stat.pickup.fluidcows.cow_halter":6,"stat.drop.minecraft.repeater":19,"stat.craftItem.minecraft.iron_block":50,"stat.killEntity.Bat":4,"stat.pickup.hatchery.chickenmanure":137,"stat.useItem.minecraft.potato":2,"stat.craftItem.actuallyadditions.item_chest_obsidian":2,"stat.pickup.minecraft.nether_wart":8,"stat.pickup.plustic.laser_gun":5,"stat.mineBlock.minecraft.enchanting_table":3,"stat.pickup.thermaldynamics.duct_0":4,"stat.mineBlock.minecraft.coal_ore":13,"stat.killEntity.Creeper":19,"stat.pickup.extrautils2.ingredients":2,"stat.talkedToVillager":2,"stat.craftItem.actuallyadditions.item_chest_emerald":1,"stat.pickup.minecraft.string":401,"stat.ae2.ItemsInserted":12407,"stat.pickup.enderio.block_tank":1,"stat.entityKilledBy.Skeleton":1,"stat.pickup.minecraft.birch_stairs":3,"stat.craftItem.tconstruct.tooltables":4,"stat.killEntity.Squid":26,"stat.sprintOneCm":2059387,"stat.mineBlock.minecraft.stone_slab":27,"stat.mineBlock.extrautils2.machine":3,"stat.pickup.cyclicmagic.ender_pearl_mounted":4,"stat.pickup.extrautils2.passivegenerator":2,"stat.mineBlock.uppers.upper":1,"stat.mineBlock.minecraft.diamond_ore":10,"stat.pickup.extrautils2.decorativesolid":1,"stat.craftItem.minecraft.redstone_lamp":16,"stat.pickup.minecraft.spawn_egg":10,"stat.pickup.minecraft.sugar":9,"stat.pickup.tp.emerald_chestplate":4,"stat.pickup.extrautils2.suncrystal":1,"stat.craftItem.minecraft.emerald":1,"stat.killEntity.Zombie":109,"stat.craftItem.minecraft.dye":129,"stat.pickup.minecraft.snowball":2,"stat.pickup.immersiveengineering.shader_bag":1,"stat.craftItem.minecraft.diamond_axe":1,"stat.mineBlock.minecraft.gold_ore":2,"stat.pickup.minecraft.fire_charge":2,"stat.diveOneCm":52256,"stat.pickup.minecraft.wheat":553,"stat.pickup.extrautils2.machine":4,"stat.pickup.minecraft.sign":1,"stat.useItem.minecraft.chicken":20,"stat.craftItem.harvestcraft.market":1,"stat.pickup.minecraft.obsidian":120,"stat.useItem.minecraft.rotten_flesh":14,"stat.entityKilledBy.Pig":2,"stat.craftItem.thermalexpansion.machine":0,"stat.jump":16233,"stat.useItem.minecraft.sand":4,"stat.pickup.tp.birthday_pickaxe":17,"stat.pickup.minecraft.coal":141,"stat.pickup.minecraft.iron_ingot":1122,"stat.craftItem.minecraft.lever":4,"stat.pickup.minecraft.gunpowder":51,"stat.mineBlock.roost.roost":6,"stat.craftItem.minecraft.torch":512,"stat.pickup.minecraft.dirt":798,"stat.drop.thermalfoundation.tool.hammer_invar":1,"stat.useItem.minecraft.glass":21,"stat.useItem.minecraft.dispenser":37,"stat.pickup.minecraft.gold_ore":6,"stat.mineBlock.minecraft.lapis_ore":6,"stat.pickup.actuallyadditions.item_flax_seed":5,"stat.pickup.minecraft.cookie":140,"stat.pickup.minecraft.iron_axe":2,"stat.mineBlock.minecraft.glass_pane":15,"stat.damageTaken":24676,"stat.mineBlock.minecraft.torch":62,"stat.mineBlock.minecraft.red_flower":2,"stat.pickup.minecraft.written_book":1,"stat.tradedWithVillager":1,"stat.useItem.thaumcraft.brain":1,"stat.pickup.minecraft.log2":2,"stat.craftItem.minecraft.glowstone":16,"stat.pickup.chesttransporter.chesttransporter_gold":1,"stat.pickup.exnihilocreatio.item_seed_potato":2,"stat.pickup.minecraft.potato":36,"stat.useItem.forge.bucketfilled":3,"stat.craftItem.chancecubes.chance_pendant_tier2":0,"stat.pickup.minecraft.rabbit_hide":43,"stat.craftItem.chancecubes.chance_pendant_tier1":0,"stat.pickup.thermalexpansion.reservoir":5,"stat.drop.thaumcraft.brain":6,"stat.craftItem.chancecubes.chance_pendant_tier3":0,"stat.killEntity.Silverfish":26,"stat.useItem.hatchery.chickenmanure":31,"stat.craftItem.minecraft.stone_slab":6,"stat.useItem.minecraft.chest":1,"stat.drop.minecraft.wheat":119,"stat.pickup.minecraft.diamond_pickaxe":12,"stat.useItem.minecraft.lava_bucket":86,"stat.pickup.minecraft.rabbit_foot":13,"stat.drop.minecraft.netherrack":5,"stat.craftItem.actuallyadditions.item_boots_crystal_green":2,"stat.shulkerBoxOpened":37,"stat.craftItem.minecraft.iron_chestplate":1,"stat.drop.extrautils2.klein":2,"stat.drop.minecraft.potato":1,"stat.pickup.minecraft.ender_pearl":267,"stat.useItem.minecraft.redstone_ore":2,"stat.useItem.minecraft.netherrack":73,"stat.pickup.thermalcultivation.watering_can":3,"stat.mineBlock.minecraft.tnt":10,"stat.craftItem.minecraft.bookshelf":62,"stat.pickup.actuallyadditions.item_paxel_crystal_green":2,"stat.pickup.extrautils2.drum":3,"stat.pickup.cyclicmagic.glove_climb":24,"stat.pickup.tp.emerald_spear":7,"stat.pickup.minecraft.dark_oak_stairs":1,"stat.mobKills":583,"stat.pickup.minecraft.diamond_boots":7,"stat.mineBlock.minecraft.bookshelf":42,"stat.craftItem.minecraft.lead":4,"stat.pickup.minecraft.diamond":649,"stat.pickup.minecraft.beetroot_seeds":7,"stat.pickup.minecraft.iron_horse_armor":3,"stat.pickup.ftbquests.lootcrate":51,"stat.pickup.minecraft.torch":446,"stat.pickup.thaumcraft.brain":25,"stat.drop.exnihilocreatio.item_mesh":3,"stat.pickup.roost.roost":14,"stat.pickup.mekanism.cardboardbox":4,"stat.mineBlock.exnihilocreatio.block_sieve":2,"stat.useItem.randomthings.timeinabottle":462,"stat.useItem.minecraft.string":1,"stat.drop.minecraft.mutton":1,"stat.useItem.botania.livingwoodbow":119,"stat.drop.extrautils2.filter":2,"stat.mineBlock.thaumcraft.ore_quartz":4,"stat.useItem.extrautils2.spike_iron":37,"stat.useItem.minecraft.bookshelf":60,"stat.craftItem.minecraft.iron_axe":1,"stat.killEntity.Blaze":2,"stat.useItem.minecraft.poisonous_potato":1,"stat.mineBlock.extrautils2.compressedcobblestone":3,"stat.pickup.minecraft.fishing_rod":2,"stat.pickup.actuallyadditions.item_chest_crystal_green":4,"stat.useItem.minecraft.planks":271,"stat.pickup.minecraft.glowstone_dust":7,"stat.mineBlock.immersiveengineering.ore":11,"stat.pickup.enderstorage.ender_storage":4,"stat.pickup.minecraft.porkchop":8,"stat.drop.tconstruct.slime_boots":1,"stat.pickup.minecraft.glass":65,"stat.useItem.minecraft.water_bucket":221,"stat.useItem.harvestcraft.calamarirawitem":11,"stat.drop.minecraft.poisonous_potato":1,"stat.pickup.minecraft.sand":153,"stat.craftItem.minecraft.golden_apple":384,"stat.drop.extrautils2.snowglobe":2,"stat.pickup.extrautils2.snowglobe":7,"stat.craftItem.actuallyadditions.item_sword_crystal_green":1,"stat.entityKilledBy.Spider":2,"stat.drop.hatchery.chickenmanure":3,"stat.useItem.tp.bsc_iron_sword":262,"stat.pickup.exnihilocreatio.item_pebble":592,"stat.pickup.thermalfoundation.security":2,"stat.drop.immersiveengineering.shader":1,"stat.useItem.minecraft.ender_pearl":13,"stat.mineBlock.minecraft.sand":2,"stat.hopperInspected":21,"stat.drop.minecraft.diamond":3,"stat.pickup.tconstruct.slime_sapling":1,"stat.useItem.minecraft.spawn_egg":2,"stat.pickup.chancecubes.compact_giant_chance_cube":2,"stat.killEntity.thermalfoundation.basalz":6,"stat.craftItem.actuallyadditions.item_helm_obsidian":2,"stat.drop.harvestcraft.epicbaconitem":1,"stat.craftItem.thermalcultivation.watering_can":1,"stat.useItem.tp.cooked_apple":24,"stat.pickup.actuallyadditions.item_solidified_experience":258,"stat.craftItem.thermalfoundation.material":36,"stat.drop.minecraft.stone_slab":6,"stat.pickup.chickens.colored_egg":10,"stat.pickup.actuallyadditions.item_sword_crystal_green":5,"stat.useItem.minecraft.redstone":350,"stat.pickup.extrautils2.compressedsand":24,"stat.mineBlock.minecraft.redstone_lamp":7,"stat.useItem.thermaldynamics.duct_0":7,"stat.pickup.exnihilocreatio.item_ore_iron":14,"stat.pickup.minecraft.iron_chestplate":2,"stat.pickup.minecraft.skull":19,"stat.pickup.exnihilocreatio.item_ore_osmium":12,"stat.drop.minecraft.pumpkin_seeds":3,"stat.pickup.chancecubes.chance_cube":193,"stat.pickup.minecraft.stone_stairs":8,"stat.mineBlock.extrautils2.cursedearth":105,"stat.craftItem.ironchest.iron_chest":36,"stat.pickup.thaumcraft.nugget":2,"stat.pickup.minecraft.pumpkin_seeds":9,"stat.drop.morechickens.solidxp":23,"stat.pickup.minecraft.golden_carrot":18,"stat.drop.minecraft.iron_horse_armor":1,"stat.pickup.exnihilocreatio.item_ore_nickel":2,"stat.useItem.minecraft.hopper":43,"stat.useItem.roost.roost":26,"stat.mineBlock.minecraft.soul_sand":6,"stat.craftItem.actuallyadditions.item_chest_crystal_green":2,"stat.useItem.extrautils2.cursedearth":92,"stat.pickup.ironchest.iron_chest":5,"stat.craftItem.enderio.block_tank":0,"stat.drop.randomthings.timeinabottle":2,"stat.pickup.cyclicmagic.entity_detector":1,"stat.playOneMinute":1024696,"stat.pickup.minecraft.blaze_rod":1,"stat.drop.minecraft.string":10,"stat.drop.roost.breeder":8,"stat.pickup.tp.bams_pizza":6,"stat.pickup.thermalfoundation.glass_alloy":17,"stat.pickup.minecraft.diamond_block":1,"stat.drop.minecraft.chest":1,"stat.pickup.minecraft.dispenser":70,"stat.pickup.minecraft.netherrack":137,"stat.pickup.minecraft.pumpkin":6,"stat.pickup.roost.breeder":6,"stat.drop.actuallyadditions.item_sword_crystal_green":3,"stat.craftItem.thermalexpansion.device":0,"stat.drop.minecraft.hopper":2,"stat.pickup.tconstruct.casting":2,"stat.drop.cyclicmagic.tool_torch_launcher":4,"stat.mineBlock.minecraft.dispenser":62,"stat.mineBlock.minecraft.netherrack":219,"stat.craftItem.extrautils2.spike_iron":16,"stat.drop.minecraft.flint":65,"stat.craftItem.minecraft.iron_hoe":1,"stat.pickup.minecraft.cooked_chicken":29,"stat.fallOneCm":61233,"stat.drop.minecraft.stone":1,"stat.drop.minecraft.dye":388,"stat.pickup.storagedrawers.upgrade_template":5,"stat.craftItem.minecraft.chest":76,"stat.mineBlock.minecraft.lever":6,"stat.pickup.minecraft.red_mushroom":4,"stat.useItem.minecraft.iron_hoe":126,"stat.pickup.actuallyadditions.item_chest_obsidian":1,"stat.drop.fluidcows.cow_halter":3,"stat.mineBlock.openblocks.auto_enchantment_table":3,"stat.pickup.minecraft.comparator":6,"stat.pickup.minecraft.feather":30,"stat.drop.minecraft.bone":22,"stat.craftItem.minecraft.wooden_button":1,"stat.useItem.harvestcraft.epicbaconitem":28,"stat.pickup.minecraft.iron_leggings":3,"stat.drop.chickens.colored_egg":4,"stat.pickup.thermalfoundation.glass":16,"stat.mineBlock.cyclicmagic.spikes_diamond":2,"stat.pickup.minecraft.lead":1,"stat.mineBlock.minecraft.gravel":64,"stat.craftItem.minecraft.iron_leggings":1,"stat.killEntity.Rabbit":33,"stat.useItem.minecraft.wool":8,"stat.pickup.chickens.analyzer":1,"stat.drop.minecraft.reeds":2,"stat.drop.minecraft.stick":7,"stat.craftItem.openblocks.auto_enchantment_table":0,"stat.useItem.chickens.colored_egg":2,"stat.useItem.minecraft.torch":80,"stat.pickup.minecraft.golden_apple":275,"stat.pickup.ichunutil.compact_porkchop":2,"stat.craftItem.minecraft.redstone_block":31,"stat.drop.excompressum.bait":5,"stat.useItem.ironchest.iron_chest":31,"stat.craftItem.minecraft.crafting_table":4,"stat.drop.minecraft.end_stone":84,"stat.pickup.minecraft.iron_hoe":2,"stat.drop.thermalfoundation.glass":8,"stat.killEntity.LavaSlime":3,"stat.pickup.excompressum.bait":12,"stat.mineBlock.minecraft.emerald_ore":4,"stat.pickup.minecraft.redstone_block":28,"stat.pickup.minecraft.log":574,"stat.pickup.minecraft.compass":2,"stat.craftItem.minecraft.stone_button":3,"stat.drop.minecraft.planks":1,"stat.pickup.minecraft.web":8,"stat.pickup.minecraft.sapling":28,"stat.pickup.roost.chicken":195,"stat.useItem.exnihilocreatio.hammer_diamond":403,"stat.pickup.randomthings.biomeradar":2,"stat.mineBlock.minecraft.tripwire_hook":1,"stat.pickup.minecraft.diamond_helmet":11,"stat.pickup.extrautils2.spike_iron":99,"stat.pickup.roost.catcher":4,"stat.craftItem.thermalfoundation.tome_experience":0,"stat.pickup.tconstruct.slime_boots":13,"stat.sneakTime":26323,"stat.pickup.minecraft.rabbit":37,"stat.mineBlock.minecraft.cobblestone_wall":91,"stat.drop.minecraft.bucket":13,"stat.pickup.minecraft.stone_slab":66,"stat.pickup.minecraft.yellow_flower":5,"stat.drop.chancecubes.chance_icosahedron":2,"stat.pickup.minecraft.chest":2,"stat.craftItem.minecraft.enchanting_table":1,"stat.craftItem.minecraft.diamond_chestplate":3,"stat.pickup.immersiveengineering.ore":19,"stat.pickup.minecraft.bone":75,"stat.pickup.minecraft.redstone_torch":6,"stat.useItem.minecraft.repeater":73,"stat.pickup.thermalinnovation.drill":3,"stat.craftItem.minecraft.diamond_helmet":4,"stat.pickup.exnihilocreatio.item_ore_lead":57,"stat.pickup.botania.livingwoodbow":7,"stat.swimOneCm":171062,"stat.mineBlock.minecraft.diamond_block":2,"stat.climbOneCm":424,"stat.pickup.thermalexpansion.machine":4,"stat.pickup.chisel.marble":1,"stat.ae2.ItemsExtracted":2798,"stat.useItem.minecraft.dirt":159,"stat.drop.minecraft.quartz":4,"stat.pickup.minecraft.golden_helmet":1,"stat.pickup.botania.terrasteelchest":1,"stat.pickup.tp.watering_can":1,"stat.mineBlock.extrautils2.spike_iron":82,"stat.pickup.minecraft.cooked_rabbit":1,"stat.drop.minecraft.web":2,"stat.pickup.minecraft.enchanting_table":9,"stat.pickup.minecraft.anvil":3,"stat.craftItem.minecraft.trapdoor":0,"stat.pickup.minecraft.cobblestone":12252,"stat.mineBlock.minecraft.carpet":37,"stat.mineBlock.minecraft.redstone_block":11,"stat.craftItem.minecraft.glass_bottle":9,"stat.pickup.minecraft.clay":2,"stat.pickup.minecraft.glass_bottle":3,"stat.pickup.minecraft.soul_sand":4,"stat.pickup.appliedenergistics2.material":615,"stat.drop.minecraft.wheat_seeds":1,"stat.pickup.minecraft.cactus":7,"stat.drop.actuallyadditions.item_solidified_experience":1,"stat.pickup.extrautils2.compressedgravel":8,"stat.pickup.minecraft.redstone":670,"stat.craftItem.minecraft.dispenser":15,"stat.useItem.mekanism.transmitter":7,"stat.mineBlock.minecraft.iron_ore":3,"stat.craftItem.minecraft.book":64,"stat.drop.minecraft.log":6,"stat.pickup.minecraft.mutton":2,"stat.pickup.actuallyadditions.item_rice_seed":6,"stat.useItem.minecraft.lever":5,"stat.mineBlock.thermalfoundation.ore":14,"stat.pickup.minecraft.redstone_lamp":24,"stat.drop.minecraft.dirt":195,"stat.pickup.minecraft.carpet":1120,"stat.pickup.minecraft.trapdoor":24,"stat.drop.minecraft.beetroot_seeds":1,"stat.craftItem.minecraft.stone_slab2":0,"stat.pickup.exnihilocreatio.item_ore_aluminium":24,"stat.pickup.minecraft.silver_shulker_box":29,"stat.pickup.minecraft.nether_star":4,"stat.craftItem.actuallyadditions.item_pants_obsidian":1,"stat.pickup.minecraft.paper":220,"stat.pickup.thaumcraft.ingot":2,"stat.craftItem.minecraft.stick":288,"stat.drop.thermalexpansion.reservoir":1,"stat.mineBlock.mekanism.oreblock":1,"stat.useItem.minecraft.stone_slab":13,"stat.craftItem.draconicevolution.wyvern_energy_core":8,"stat.pickup.exnihilocreatio.item_material":6,"stat.useItem.tconstruct.casting":1,"stat.useItem.morechickens.solidxp":1642,"stat.pickup.storagedrawers.drawer_key":1,"stat.useItem.minecraft.diamond_pickaxe":360,"stat.useItem.minecraft.carrot":3,"stat.killEntity.Endermite":10,"stat.useItem.thermalinnovation.drill":1,"stat.pickup.minecraft.diamond_chestplate":11,"stat.drop.minecraft.golden_apple":129,"stat.drop.minecraft.dispenser":12,"stat.craftItem.actuallyadditions.item_pickaxe_crystal_green":0,"stat.useItem.extrautils2.crafter":1,"stat.entityKilledBy.Creeper":1,"stat.drop.minecraft.tipped_arrow":18,"stat.pickup.chancecubes.chance_icosahedron":1,"stat.mineBlock.minecraft.planks":112,"stat.useItem.thermalfoundation.tool.hammer_invar":161,"stat.drop":297,"stat.pickup.minecraft.stone_button":3,"stat.pickup.draconicevolution.draconic_core":12,"stat.pickup.minecraft.slime_ball":16,"stat.craftItem.minecraft.diamond_pickaxe":0,"stat.pickup.mekanismtools.steelboots":1,"stat.craftItem.exnihilocreatio.item_ore_copper":14,"stat.craftItem.extrautils2.klein":0,"stat.useItem.thermalfoundation.security":23,"stat.useItem.tp.bams_pizza":3,"stat.killEntity.BrainyZombie":14,"stat.craftItem.chancecubes.chance_cube":64,"stat.drop.minecraft.wooden_pickaxe":1,"stat.pickup.minecraft.gravel":207,"stat.useItem.extrautils2.compressedcobblestone":4,"stat.killEntity.Slime":11,"stat.mineBlock.minecraft.anvil":3,"stat.useItem.minecraft.diamond_axe":41,"stat.useItem.minecraft.apple":4,"stat.mineBlock.minecraft.deadbush":1,"stat.pickup.exnihilocreatio.item_ore_tin":14,"stat.pickup.exnihilocreatio.item_seed_sugarcane":1,"stat.mineBlock.mekanism.cardboardbox":4,"stat.pickup.minecraft.fence":68,"stat.pickup.minecraft.iron_helmet":5,"stat.useItem.tp.birthday_pickaxe":9422,"stat.pickup.minecraft.spider_eye":4,"stat.pickup.wct.wct":8,"stat.pickup.tp.bsc_iron_sword":4,"stat.drop.chancecubes.chance_cube":52,"stat.useItem.minecraft.stone_button":5,"stat.pickup.exchangers.resonant_exchanger":1,"stat.useItem.minecraft.cooked_chicken":40,"stat.drop.minecraft.glass":2,"stat.pickup.minecraft.iron_ore":5,"stat.pickup.actuallyadditions.item_helm_crystal_green":4,"stat.pickup.minecraft.snow":8,"stat.pickup.extrautils2.bagofholding":3,"stat.boatOneCm":11105,"stat.craftItem.minecraft.flint_and_steel":2,"stat.useItem.minecraft.redstone_lamp":23,"stat.pickup.actuallyadditions.item_coffee_seed":7,"stat.mineBlock.tconstruct.tooltables":1,"stat.drop.actuallyadditions.item_booklet":1,"stat.craftItem.randomthings.timeinabottle":3,"stat.mineBlock.minecraft.stone_stairs":78,"stat.pickup.minecraft.leather":8,"stat.drop.minecraft.iron_hoe":1,"stat.dispenserInspected":101,"stat.useItem.minecraft.wooden_pickaxe":3,"stat.pickup.mysticalagriculture.crafting":132,"stat.pickup.minecraft.reeds":378,"stat.killEntity.CaveSpider":1,"stat.pickup.exnihilocreatio.item_ore_silver":1,"stat.pickup.minecraft.oak_stairs":4,"stat.damageDealt":61407,"stat.pickup.actuallyadditions.item_canola_seed":8,"stat.mineBlock.excompressum.heavy_sieve":2,"stat.killEntity.Pig":1,"stat.craftItem.minecraft.iron_sword":14,"stat.walkOneCm":2682117,"stat.pickup.thermalfoundation.tool.hammer_invar":7,"stat.pickup.minecraft.stick":53,"stat.pickup.openblocks.auto_enchantment_table":3,"stat.drop.appliedenergistics2.material":459,"stat.pickup.mekanism.oreblock":1,"stat.craftItem.actuallyadditions.item_pants_crystal_green":2,"stat.pickup.quantumflux.craftingpiece":1,"stat.pickup.extrautils2.minichest":1,"stat.mineBlock.thermaldynamics.duct_0":3,"stat.craftItem.minecraft.diamond_boots":3,"stat.pickup.minecraft.tnt":3,"stat.pickup.minecraft.stone":22,"stat.mineBlock.minecraft.wool":2,"stat.craftItem.minecraft.hay_block":119,"stat.craftItem.minecraft.redstone":126,"stat.pickup.minecraft.gold_ingot":2671,"stat.craftItem.tp.watering_can":1,"stat.killEntity.Skeleton":31,"stat.drop.cyclicmagic.glove_climb":14,"stat.mineBlock.minecraft.cactus":1,"stat.killEntity.Chicken":8,"stat.mineBlock.minecraft.redstone_torch":4,"stat.killEntity.Spider":19,"stat.mineBlock.minecraft.quartz_ore":5,"stat.pickup.yabba.upgrade_iron_tier":6,"stat.pickup.minecraft.quartz":16,"stat.craftItem.minecraft.fence":21,"stat.pickup.storagedrawers.upgrade_storage":16,"stat.useItem.minecraft.golden_apple":96,"stat.pickup.minecraft.water_bucket":32,"stat.mineBlock.minecraft.leaves":2,"stat.mineBlock.minecraft.redstone_ore":6,"stat.mineBlock.tconstruct.casting":2,"stat.mineBlock.minecraft.stone":8694}