{"stat.pickup.actuallyadditions.item_boots_crystal_green":1,"stat.drop.mysticalagriculture.mystical_fertilizer":66,"stat.craftItem.excompressum.compressed_hammer_stone":12,"stat.pickup.draconicevolution.mob_soul":1,"stat.useItem.chancecubes.chance_cube":32,"stat.drop.exchangers.resonant_exchanger":1,"stat.mineBlock.minecraft.web":15,"stat.pickup.minecraft.rotten_flesh":23,"stat.drop.minecraft.redstone_torch":1,"stat.pickup.excompressum.compressed_block":263,"stat.craftItem.bigreactors.reactorcasingcores":2,"stat.craftItem.minecraft.stone_axe":3,"stat.pickup.minecraft.bucket":8,"stat.craftItem.actuallyadditions.item_pickaxe_emerald":0,"stat.killEntity.Enderman":3,"stat.craftItem.bigreactors.reactorfuelrod":0,"stat.craftItem.excompressum.compressed_hammer_diamond":5,"stat.mineBlock.minecraft.end_stone":1011,"stat.craftItem.harvestcraft.grainbaititem":8,"stat.useItem.minecraft.iron_pickaxe":1252,"stat.craftItem.tp.diamond_cobblegen_block":1,"stat.craftItem.stonechest.chest_cobblestone":3,"stat.pickup.excompressum.heavy_sieve":1,"stat.furnaceInteraction":104,"stat.drop.hatchery.animalnet":1,"stat.pickup.minecraft.sponge":1,"stat.useItem.minecraft.end_stone":3,"stat.useItem.exnihilocreatio.item_cooked_silkworm":6,"stat.drop.appliedenergistics2.crystal_seed":58,"stat.pickup.exnihilocreatio.item_cooked_silkworm":6,"stat.useItem.bigreactors.reactorcoolantport":1,"stat.useItem.minecraft.fence":14,"stat.pickup.ceramics.unfired_clay":5,"stat.pickup.actuallyadditions.item_crystal":1,"stat.mineBlock.extrautils2.decorativesolid":1,"stat.useItem.minecraft.flint_and_steel":11,"stat.mineBlock.minecraft.fence":14,"stat.useItem.minecraft.wheat_seeds":150,"stat.craftItem.draconicevolution.draconium_block":0,"stat.pickup.minecraft.emerald":4882,"stat.craftItem.appliedenergistics2.storage_cell_1k":87,"stat.useItem.fluidcows.cow_displayer":3,"stat.deaths":2,"stat.pickup.minecraft.egg":13,"stat.pickup.thaumcraft.crystal_terra":42,"stat.craftItem.minecraft.iron_pickaxe":5,"stat.drop.tp.birthday_pickaxe":3,"stat.pickup.draconicevolution.draconium_ingot":13405,"stat.drop.minecraft.iron_ingot":64,"stat.chestOpened":327,"stat.pickup.thermalfoundation.wrench":1,"stat.craftItem.minecraft.sign":6,"stat.pickup.minecraft.iron_sword":3,"stat.pickup.minecraft.gold_nugget":2,"stat.craftItem.minecraft.coal":0,"stat.pickup.minecraft.carrot":3,"stat.crouchOneCm":38411,"stat.craftItem.minecraft.diamond":9,"stat.craftItem.fluidcows.sorter":0,"stat.craftItem.minecraft.iron_ingot":98,"stat.drop.actuallyadditions.item_spawner_changer":1,"stat.craftingTableInteraction":14,"stat.pickup.minecraft.repeater":10,"stat.craftItem.tconstruct.pattern":16,"stat.pickup.minecraft.dye":8313,"stat.pickup.minecraft.planks":27,"stat.pickup.enderio.item_material":14,"stat.drop.minecraft.soul_sand":14,"stat.pickup.bigreactors.reactorpowertaprf":1,"stat.drop.minecraft.carpet":1,"stat.craftItem.excompressum.double_compressed_diamond_hammer":2,"stat.craftItem.minecraft.magma":1,"stat.drop.enderio.item_material":2,"stat.pickup.botania.fertilizer":4,"stat.pickup.exnihilocreatio.item_mesh":2,"stat.craftItem.thermalfoundation.storage":0,"stat.mineBlock.extrautils2.compresseddirt":503,"stat.craftItem.ironchest.iron_gold_chest_upgrade":3,"stat.mineBlock.draconicevolution.draconium_ore":1,"stat.pickup.appliedenergistics2.energy_acceptor":1,"stat.mineBlock.extrautils2.crafter":2,"stat.pickup.extrautils2.crafter":2,"stat.pickup.chancecubes.chance_pendant_tier3":1,"stat.pickup.minecraft.chicken":38,"stat.craftItem.appliedenergistics2.inscriber":1,"stat.pickup.minecraft.end_stone":955,"stat.pickup.bigreactors.reactorcasing":2,"stat.mineBlock.actuallyadditions.block_atomic_reconstructor":2,"stat.craftItem.minecraft.bucket":7,"stat.craftItem.minecraft.planks":1316,"stat.useItem.minecraft.iron_sword":71,"stat.useItem.minecraft.stonebrick":24,"stat.useItem.roost.chicken":159,"stat.killEntity.BabySkeleton":7,"stat.pickup.appliedenergistics2.part":7,"stat.drop.chickens.analyzer":1,"stat.craftItem.minecraft.cobblestone":368,"stat.pickup.cyclicmagic.sprinkler":1,"stat.mineBlock.minecraft.cobblestone":369,"stat.pickup.minecraft.stone_pickaxe":2,"stat.pickup.minecraft.flint":137,"stat.craftItem.thermalexpansion.cell":1,"stat.mineBlock.minecraft.concrete":8,"stat.drop.storagedrawers.upgrade_storage":1,"stat.drop.randomthings.advanceditemcollector":1,"stat.mineBlock.chisel.cobblestone2":16,"stat.drop.minecraft.cobblestone":173,"stat.useItem.minecraft.stone_slab2":474,"stat.pickup.forge.bucketfilled":1,"stat.pickup.actuallyadditions.item_pants_crystal_green":1,"stat.craftItem.minecraft.furnace":10,"stat.mineBlock.bigreactors.reactorcoolantport":2,"stat.pickup.thermalfoundation.ore":64,"stat.craftItem.exnihilocreatio.hammer_diamond":52,"stat.craftItem.minecraft.iron_boots":3,"stat.pickup.minecraft.diamond_leggings":3,"stat.useItem.exnihilocreatio.hammer_stone":189,"stat.drop.minecraft.iron_helmet":1,"stat.pickup.cyclicmagic.tool_auto_torch":1,"stat.craftItem.minecraft.iron_block":7,"stat.craftItem.minecraft.stonebrick":4,"stat.killEntity.Creeper":22,"stat.pickup.extrautils2.angelring":5,"stat.ae2.ItemsInserted":165838,"stat.drop.yabba.upgrade_blank":16,"stat.craftItem.tconstruct.stone_stick":4,"stat.sprintOneCm":2517544,"stat.useItem.minecraft.diamond_block":100,"stat.mineBlock.minecraft.stone_slab":4,"stat.pickup.extrautils2.passivegenerator":1,"stat.pickup.extrautils2.decorativesolid":1,"stat.pickup.yabba.upgrade_blank":16,"stat.pickup.minecraft.leather_leggings":1,"stat.mineBlock.extrautils2.compressedsand":541,"stat.killEntity.Zombie":36,"stat.craftItem.minecraft.dye":128,"stat.pickup.rftools.dimensional_shard":81,"stat.craftItem.minecraft.diamond_axe":0,"stat.mineBlock.minecraft.gold_ore":32,"stat.pickup.minecraft.fire_charge":1,"stat.drop.minecraft.diamond_pickaxe":1,"stat.craftItem.draconicevolution.energy_storage_core":0,"stat.pickup.minecraft.wheat":378,"stat.mineBlock.immersiveengineering.metal_device1":1,"stat.mineBlock.tp.iron_cobblegen_block":1,"stat.pickup.minecraft.sign":7,"stat.pickup.minecraft.obsidian":49,"stat.useItem.bigreactors.reactorfuelrod":23,"stat.mineBlock.appliedenergistics2.energy_acceptor":1,"stat.pickup.tp.birthday_pickaxe":7,"stat.pickup.minecraft.coal":854,"stat.pickup.minecraft.iron_ingot":221,"stat.craftItem.minecraft.lever":1,"stat.pickup.minecraft.gunpowder":130,"stat.pickup.minecraft.dirt":6021,"stat.mineBlock.minecraft.lapis_ore":10,"stat.pickup.minecraft.cookie":83,"stat.mineBlock.minecraft.torch":93,"stat.pickup.minecraft.written_book":2,"stat.mineBlock.minecraft.fence_gate":1,"stat.pickup.minecraft.rabbit_hide":1,"stat.craftItem.extrautils2.compressedsand":512,"stat.useItem.excompressum.compressed_hammer_diamond":1315,"stat.craftItem.yabba.upgrade_iron_tier":2,"stat.pickup.minecraft.diamond_pickaxe":3,"stat.pickup.appliedenergistics2.quartz_glass":2,"stat.craftItem.bigreactors.reactoraccessport":0,"stat.useItem.minecraft.lava_bucket":4,"stat.craftItem.actuallyadditions.item_shovel_crystal_green":0,"stat.craftItem.actuallyadditions.item_boots_crystal_green":2,"stat.craftItem.minecraft.wheat":0,"stat.useItem.minecraft.redstone_ore":2,"stat.useItem.cyclicmagic.item_pipe":5,"stat.pickup.minecraft.cooked_beef":2,"stat.drop.mekanism.controlcircuit":1,"stat.pickup.cyclicmagic.glove_climb":1,"stat.pickup.thaumcraft.crystal_perditio":34,"stat.mobKills":183,"stat.pickup.minecraft.diamond_boots":2,"stat.pickup.excompressum.wooden_crucible":1,"stat.mineBlock.avaritia.double_compressed_crafting_table":1,"stat.pickup.minecraft.diamond":5019,"stat.pickup.ftbquests.lootcrate":46,"stat.craftItem.bigreactors.reactorglass":0,"stat.pickup.thaumcraft.brain":15,"stat.useItem.extrautils2.compresseddirt":493,"stat.drop.ftbquests.lootcrate":1,"stat.useItem.cyclicmagic.energy_pipe":10,"stat.pickup.cyclicmagic.energy_pipe":1,"stat.mineBlock.thaumcraft.ore_quartz":3,"stat.useItem.minecraft.soul_sand":1,"stat.killEntity.Blaze":1,"stat.mineBlock.cyclicmagic.item_pipe":3,"stat.pickup.actuallyadditions.item_chest_crystal_green":1,"stat.pickup.minecraft.golden_boots":2,"stat.mineBlock.immersiveengineering.ore":3,"stat.craftItem.actuallyadditions.block_atomic_reconstructor":0,"stat.craftItem.actuallyadditions.block_misc":0,"stat.pickup.exnihilocreatio.item_pebble":416,"stat.useItem.draconicevolution.draconium_block":338,"stat.craftItem.minecraft.cobblestone_wall":0,"stat.mineBlock.minecraft.sand":5,"stat.hopperInspected":52,"stat.useItem.minecraft.fence_gate":1,"stat.useItem.yabba.item_barrel":2,"stat.mineBlock.bigreactors.reactorpowertaprf":1,"stat.pickup.minecraft.ghast_tear":1,"stat.pickup.avaritia.double_compressed_crafting_table":1,"stat.useItem.tp.cooked_apple":6,"stat.pickup.quantumflux.graphitedust":1,"stat.drop.exnihilocreatio.item_material":13,"stat.craftItem.thermalfoundation.material":7,"stat.pickup.hatchery.pen":1,"stat.craftItem.cyclicmagic.block_user":1,"stat.useItem.tp.plump_peach":1,"stat.pickup.extrautils2.compressedsand":40,"stat.mineBlock.appliedenergistics2.energy_cell":1,"stat.drop.wct.wct":4,"stat.pickup.harvestcraft.grainbaititem":8,"stat.craftItem.minecraft.fence_gate":0,"stat.pickup.thaumcraft.nugget":1,"stat.useItem.roost.roost":13,"stat.mineBlock.minecraft.soul_sand":1,"stat.craftItem.actuallyadditions.item_chest_crystal_green":2,"stat.pickup.ironchest.iron_chest":8,"stat.useItem.openblocks.dev_null":2,"stat.pickup.cyclicmagic.entity_detector":2,"stat.pickup.minecraft.blaze_rod":582,"stat.pickup.harvestcraft.groundtrap":1,"stat.craftItem.minecraft.diamond_block":199,"stat.mineBlock.cyclicmagic.block_user":2,"stat.pickup.minecraft.netherrack":38,"stat.pickup.cyclicmagic.block_anvil":3,"stat.useItem.exchangers.resonant_exchanger":7,"stat.useItem.minecraft.experience_bottle":3,"stat.craftItem.tconstruct.toolforge":2,"stat.pickup.minecraft.melon":1,"stat.useItem.bigreactors.reactoraccessport":1,"stat.useItem.minecraft.furnace":7,"stat.pickup.excompressum.wood_chippings":19,"stat.craftItem.tconstruct.materials":29,"stat.pickup.draconicevolution.draconium_chest":1,"stat.pickup.minecraft.iron_leggings":1,"stat.pickup.mysticalagradditions.nether_star_seeds":1,"stat.mineBlock.minecraft.gravel":341,"stat.pickup.bigreactors.reactorcoolantport":2,"stat.pickup.appliedenergistics2.energy_cell":1,"stat.useItem.minecraft.torch":39,"stat.pickup.minecraft.golden_apple":64,"stat.craftItem.minecraft.redstone_block":7,"stat.useItem.minecraft.log":11,"stat.pickup.minecraft.crafting_table":1,"stat.craftItem.minecraft.crafting_table":8,"stat.drop.minecraft.end_stone":134,"stat.useItem.actuallyadditions.item_paxel_crystal_green":837,"stat.pickup.minecraft.iron_hoe":2,"stat.pickup.excompressum.bait":2,"stat.mineBlock.minecraft.emerald_ore":2,"stat.pickup.minecraft.redstone_block":6,"stat.pickup.betterbuilderswands.wanddiamond":1,"stat.craftItem.minecraft.stone_button":98,"stat.pickup.minecraft.sapling":571,"stat.pickup.roost.chicken":52,"stat.craftItem.actuallyadditions.item_axe_crystal_green":0,"stat.craftItem.bigreactors.reactorcontroller":0,"stat.mineBlock.tconstruct.toolforge":1,"stat.useItem.exnihilocreatio.block_crucible":6,"stat.pickup.extrautils2.spike_iron":36,"stat.pickup.roost.catcher":2,"stat.mineBlock.mekanism.machineblock":1,"stat.drop.minecraft.bucket":2,"stat.mineBlock.extrautils2.compressedgravel":649,"stat.craftItem.ironchest.gold_diamond_chest_upgrade":3,"stat.pickup.minecraft.stone_slab":4,"stat.pickup.minecraft.yellow_flower":1,"stat.pickup.minecraft.bone":44,"stat.craftItem.minecraft.sticky_piston":2,"stat.craftItem.ceramics.unfired_clay":55,"stat.pickup.minecraft.redstone_torch":7,"stat.craftItem.stonechest.part_cobblestone":11,"stat.useItem.minecraft.diamond_sword":153,"stat.pickup.exnihilocreatio.item_ore_lead":132,"stat.climbOneCm":7391,"stat.drop.actuallyadditions.item_paxel_crystal_green":1,"stat.ae2.ItemsExtracted":14474,"stat.mineBlock.extrautils2.spike_iron":43,"stat.pickup.minecraft.cooked_rabbit":1,"stat.craftItem.minecraft.bone_block":32,"stat.pickup.minecraft.anvil":1,"stat.craftItem.minecraft.trapdoor":2,"stat.craftItem.minecraft.stone_pickaxe":5,"stat.pickup.minecraft.cobblestone":28498,"stat.pickup.exnihilocreatio.item_seed_cactus":1,"stat.pickup.minecraft.soul_sand":51,"stat.craftItem.extrautils2.compresseddirt":502,"stat.useItem.minecraft.cooked_beef":1,"stat.pickup.minecraft.cactus":6,"stat.pickup.minecraft.redstone":7679,"stat.ae2.TurnedCranks":26,"stat.craftItem.minecraft.dispenser":2,"stat.mineBlock.minecraft.iron_ore":55,"stat.pickup.exnihilocreatio.hammer_stone":1,"stat.craftItem.fluidcows.feeder":0,"stat.craftItem.actuallyadditions.item_helm_emerald":4,"stat.useItem.actuallyadditions.item_pickaxe_crystal_green":21,"stat.pickup.minecraft.cake":3,"stat.mineBlock.thermalfoundation.ore":64,"stat.pickup.minecraft.carpet":152,"stat.pickup.minecraft.trapdoor":28,"stat.drop.appliedenergistics2.inscriber":1,"stat.craftItem.exnihilocreatio.hammer_stone":111,"stat.pickup.exnihilocreatio.item_ore_aluminium":186,"stat.drop.exnihilocreatio.block_barrel1":1,"stat.pickup.minecraft.paper":4,"stat.craftItem.minecraft.stick":476,"stat.drop.thermalexpansion.reservoir":3,"stat.useItem.extrautils2.passivegenerator":12,"stat.useItem.morechickens.solidxp":2729,"stat.mineBlock.harvestcraft.groundtrap":1,"stat.useItem.excompressum.compressed_hammer_stone":1228,"stat.craftItem.minecraft.clay_ball":256,"stat.pickup.minecraft.diamond_chestplate":2,"stat.entityKilledBy.Creeper":1,"stat.mineBlock.minecraft.planks":31,"stat.useItem.extrautils2.compressedsand":528,"stat.drop":325,"stat.useItem.tconstruct.seared":1,"stat.drop.minecraft.iron_boots":1,"stat.pickup.petrock.stoneium":1,"stat.craftItem.minecraft.piston":4,"stat.pickup.minecraft.record_strad":1,"stat.killEntity.Slime":13,"stat.mineBlock.minecraft.anvil":1,"stat.pickup.bigreactors.reactorglass":3,"stat.useItem.minecraft.apple":3,"stat.mineBlock.minecraft.deadbush":1,"stat.pickup.minecraft.fence":47,"stat.useItem.tp.birthday_pickaxe":31013,"stat.useItem.minecraft.stone_axe":93,"stat.pickup.wct.wct":8,"stat.pickup.tp.bsc_iron_sword":2,"stat.craftItem.minecraft.iron_helmet":4,"stat.drop.chancecubes.chance_cube":1,"stat.pickup.actuallyadditions.block_misc":19,"stat.craftItem.stoneblockutilities.crook_stone":3,"stat.drop.minecraft.glass":1,"stat.boatOneCm":4141,"stat.craftItem.minecraft.flint_and_steel":1,"stat.useItem.minecraft.redstone_lamp":2,"stat.craftItem.exnihilocreatio.item_ore_iron":175,"stat.pickup.actuallyadditions.item_coffee_seed":1,"stat.mineBlock.tconstruct.tooltables":3,"stat.drop.actuallyadditions.item_booklet":1,"stat.craftItem.minecraft.iron_bars":32,"stat.mineBlock.minecraft.furnace":8,"stat.pickup.exnihilocreatio.item_ore_silver":105,"stat.killEntity.CaveSpider":1,"stat.damageDealt":17849,"stat.craftItem.minecraft.anvil":2,"stat.pickup.minecraft.stick":2526,"stat.craftItem.exnihilocreatio.item_material":6,"stat.craftItem.cyclicmagic.item_pipe":0,"stat.pickup.bigreactors.ingotmetals":5699,"stat.craftItem.actuallyadditions.item_pants_emerald":4,"stat.craftItem.minecraft.redstone":63,"stat.mineBlock.appliedenergistics2.quartz_growth_accelerator":4,"stat.mineBlock.cyclicmagic.sprinkler":1,"stat.pickup.draconicevolution.draconium_block":705,"stat.drop.cyclicmagic.glove_climb":1,"stat.killEntity.Chicken":1,"stat.mineBlock.cyclicmagic.block_anvil":3,"stat.pickup.mekanism.controlcircuit":1,"stat.craftItem.exnihilocreatio.block_barrel1":1,"stat.mineBlock.minecraft.leaves":518,"stat.drop.excompressum.compressed_hammer_stone":2,"stat.pickup.draconicevolution.draconium_dust":2,"stat.pickup.thermalfoundation.fertilizer":8,"stat.leaveGame":12,"stat.killEntity.PigZombie":1,"stat.mineBlock.fluidcows.stall":2,"stat.mineBlock.gravestone.gravestone":1,"stat.pickup.exnihilocreatio.block_dust":4513,"stat.killEntity.Witch":11,"stat.drop.minecraft.sand":275,"stat.pickup.exnihilocreatio.item_ore_copper":245,"stat.useItem.draconicevolution.particle_generator":33,"stat.pickup.draconicevolution.particle_generator":2,"stat.useItem.exnihilocreatio.item_material":6,"stat.useItem.fluidcows.stall":55,"stat.craftItem.minecraft.bed":2,"stat.pickup.thermalfoundation.material":117,"stat.mineBlock.chancecubes.chance_cube":35,"stat.killEntity.ZombieVillager":2,"stat.pickup.appliedenergistics2.quartz_growth_accelerator":4,"stat.pickup.extrautils2.klein":1,"stat.pickup.minecraft.beef":2,"stat.useItem.minecraft.trapdoor":15,"stat.pickup.tp.iron_cobblegen_block":1,"stat.pickup.cyclicmagic.tool_torch_launcher":5,"stat.useItem.minecraft.dye":63,"stat.mineBlock.enderstorage.ender_storage":5,"stat.mineBlock.cyclicmagic.entity_detector":2,"stat.pickup.actuallyadditions.item_dust":23,"stat.pickup.randomthings.advanceditemcollector":1,"stat.mineBlock.minecraft.tallgrass":1,"stat.craftItem.roost.roost":17,"stat.useItem.minecraft.stone":322,"stat.useItem.bigreactors.reactorglass":116,"stat.pickup.minecraft.arrow":37,"stat.craftItem.mekanism.machineblock":0,"stat.pickup.extrautils2.compressedcobblestone":15,"stat.drop.minecraft.iron_pickaxe":1,"stat.mineBlock.minecraft.chest":10,"stat.craftItem.minecraft.hopper":13,"stat.killEntity.thermalfoundation.blizz":10,"stat.craftItem.draconicevolution.draconic_core":0,"stat.pickup.exnihilocreatio.item_ore_gold":98,"stat.pickup.minecraft.wheat_seeds":901,"stat.mineBlock.fluidcows.feeder":1,"stat.mineBlock.minecraft.glass":26,"stat.pickup.cyclicmagic.water_candle":2,"stat.pickup.actuallyadditions.block_atomic_reconstructor":2,"stat.mineBlock.yabba.item_barrel":1,"stat.mineBlock.minecraft.dirt":29,"stat.craftItem.yabba.upgrade_star_tier":4,"stat.useItem.stoneblockutilities.crook_stone":1228,"stat.pickup.immersiveengineering.seed":1,"stat.useItem.minecraft.cobblestone":622,"stat.useItem.minecraft.gravel":78,"stat.pickup.hatchery.nest":2,"stat.useItem.fluidcows.cow_halter":46,"stat.pickup.minecraft.iron_pickaxe":1,"stat.pickup.randomthings.timeinabottle":6,"stat.mineBlock.minecraft.silver_shulker_box":1,"stat.pickup.thermalexpansion.florb":14,"stat.pickup.minecraft.apple":1118,"stat.pickup.extrautils2.compresseddirt":1,"stat.itemEnchanted":16,"stat.pickup.extrautils2.filter":2,"stat.pickup.draconicevolution.nugget":5287,"stat.mineBlock.minecraft.log":98,"stat.craftItem.actuallyadditions.item_paxel_crystal_green":0,"stat.craftItem.actuallyadditions.item_helm_crystal_green":2,"stat.craftItem.minecraft.paper":30,"stat.pickup.minecraft.red_flower":1,"stat.craftItem.thermalexpansion.frame":2,"stat.pickup.exnihilocreatio.block_sieve":1,"stat.pickup.fluidcows.feeder":1,"stat.mineBlock.cyclicmagic.energy_pipe":1,"stat.cakeSlicesEaten":52,"stat.pickup.harvestcraft.epicbaconitem":20,"stat.craftItem.thermalfoundation.storage_alloy":1,"stat.craftItem.minecraft.wool":6,"stat.mineBlock.appliedenergistics2.quartz_ore":2,"stat.craftItem.draconicevolution.grinder":0,"stat.useItem.minecraft.concrete_powder":7,"stat.pickup.hatchery.animalnet":3,"stat.pickup.tp.plump_peach":1,"stat.useItem.minecraft.obsidian":6,"stat.useItem.minecraft.cookie":10,"stat.mineBlock.ironchest.iron_chest":8,"stat.pickup.minecraft.bow":4,"stat.useItem.minecraft.egg":5,"stat.pickup.minecraft.pumpkin_pie":3,"stat.pickup.tp.cooked_apple":60,"stat.mineBlock.minecraft.obsidian":21,"stat.craftItem.minecraft.bow":2,"stat.pickup.minecraft.iron_trapdoor":2,"stat.pickup.mysticalagradditions.special":1,"stat.flyOneCm":1668524,"stat.pickup.minecraft.sandstone":4,"stat.pickup.actuallyadditions.item_booklet":2,"stat.pickup.minecraft.fish":9,"stat.useItem.extrautils2.compressedgravel":632,"stat.craftItem.yabba.upgrade_blank":16,"stat.craftItem.minecraft.stained_glass":16,"stat.timeSinceDeath":326993,"stat.pickup.yabba.item_barrel":1,"stat.pickup.fluidcows.cow_halter":1,"stat.craftItem.mysticalagriculture.mystical_fertilizer":0,"stat.pickup.hatchery.chickenmanure":65,"stat.mineBlock.excompressum.bait":1,"stat.drop.draconicevolution.particle_generator":4,"stat.craftItem.tconstruct.seared":5,"stat.craftItem.bigreactors.reactorpowertaprf":0,"stat.pickup.plustic.laser_gun":1,"stat.craftItem.minecraft.concrete_powder":0,"stat.mineBlock.minecraft.coal_ore":121,"stat.pickup.extrautils2.ingredients":20,"stat.talkedToVillager":3,"stat.craftItem.actuallyadditions.item_chest_emerald":4,"stat.pickup.minecraft.string":181,"stat.pickup.excompressum.compressed_hammer_stone":2,"stat.useItem.minecraft.written_book":2,"stat.craftItem.tconstruct.tooltables":10,"stat.pickup.stoneblockutilities.crook_stone":2,"stat.mineBlock.extrautils2.machine":2,"stat.craftItem.psi.cad_assembly":0,"stat.useItem.enderstorage.ender_storage":4,"stat.mineBlock.harvestcraft.pamapple":7,"stat.pickup.thaumcraft.crystal_aqua":41,"stat.pickup.minecraft.spawn_egg":4,"stat.mineBlock.mysticalagradditions.special":1,"stat.useItem.minecraft.ladder":2,"stat.pickup.minecraft.snowball":5,"stat.craftItem.exnihilocreatio.item_cooked_silkworm":13,"stat.diveOneCm":10841,"stat.pickup.tconstruct.tooltables":3,"stat.pickup.extrautils2.machine":2,"stat.craftItem.exnihilocreatio.item_ore_osmium":26,"stat.craftItem.minecraft.ladder":0,"stat.pickup.chancecubes.scanner":1,"stat.drop.minecraft.apple":2,"stat.craftItem.exnihilocreatio.block_crucible":7,"stat.craftItem.minecraft.diamond_sword":1,"stat.useItem.minecraft.sand":2,"stat.jump":8662,"stat.craftItem.minecraft.torch":256,"stat.pickup.excompressum.chicken_stick":2,"stat.useItem.minecraft.glass":57,"stat.mineBlock.excompressum.wooden_crucible":1,"stat.useItem.minecraft.sapling":34,"stat.pickup.minecraft.gold_ore":23,"stat.pickup.draconicevolution.generator":2,"stat.drop.extrautils2.compressedcobblestone":1,"stat.pickup.mysticalagriculture.tier4_inferium_seeds":5,"stat.damageTaken":2485,"stat.pickup.immersiveengineering.metal":3728,"stat.mineBlock.minecraft.sapling":4,"stat.craftItem.hatchery.animalnet":0,"stat.pickup.minecraft.concrete":8,"stat.pickup.minecraft.potato":14,"stat.pickup.thermalexpansion.reservoir":3,"stat.drop.thaumcraft.brain":6,"stat.mineBlock.exnihilocreatio.block_barrel1":2,"stat.craftItem.minecraft.stone_slab":12,"stat.pickup.hatchery.hatcheryegg":12,"stat.animalsBred":9,"stat.useItem.minecraft.chest":14,"stat.mineBlock.cyclicmagic.water_candle":3,"stat.pickup.thaumcraft.crystal_aer":42,"stat.shulkerBoxOpened":5,"stat.craftItem.minecraft.iron_chestplate":3,"stat.pickup.minecraft.ender_pearl":4869,"stat.craftItem.ironchest.diamond_crystal_chest_upgrade":0,"stat.pickup.actuallyadditions.item_paxel_crystal_green":1,"stat.mineBlock.minecraft.stonebrick":5,"stat.craftItem.draconicevolution.info_tablet":0,"stat.pickup.minecraft.torch":226,"stat.craftItem.exnihilocreatio.item_ore_aluminium":37,"stat.drop.minecraft.stone_axe":1,"stat.pickup.mysticalagradditions.nether_star_essence":9,"stat.craftItem.minecraft.compass":1,"stat.mineBlock.exnihilocreatio.block_sieve":1,"stat.useItem.randomthings.timeinabottle":675,"stat.pickup.ftbquests.book":1,"stat.pickup.thaumcraft.crystal_ordo":37,"stat.useItem.cyclicmagic.sprinkler":5,"stat.mineBlock.extrautils2.compressedcobblestone":903,"stat.useItem.minecraft.planks":221,"stat.pickup.appliedenergistics2.drive":3,"stat.pickup.enderstorage.ender_storage":5,"stat.pickup.minecraft.porkchop":2,"stat.pickup.minecraft.glass":106,"stat.pickup.minecraft.blaze_powder":6,"stat.craftItem.bigreactors.reactorcontrolrod":0,"stat.craftItem.hatchery.nest":1,"stat.useItem.minecraft.water_bucket":89,"stat.pickup.minecraft.sand":4858,"stat.craftItem.actuallyadditions.item_sword_crystal_green":0,"stat.useItem.stonechest.chest_cobblestone":1,"stat.craftItem.mekanism.basicblock":0,"stat.craftItem.actuallyadditions.item_hoe_crystal_green":0,"stat.useItem.tp.plump_pear":1,"stat.useItem.tp.bsc_iron_sword":53,"stat.mineBlock.exnihilocreatio.block_infested_leaves":115,"stat.drop.roost.chicken":4,"stat.pickup.chisel.cobblestone2":16,"stat.craftItem.cyclicmagic.sprinkler":5,"stat.useItem.minecraft.spawn_egg":2,"stat.pickup.projectred-core.resource_item":249,"stat.craftItem.bigreactors.reactorcasing":8,"stat.drop.harvestcraft.epicbaconitem":1,"stat.pickup.appliedenergistics2.crystal_seed":58,"stat.pickup.exnihilocreatio.block_barrel1":2,"stat.pickup.actuallyadditions.item_solidified_experience":16,"stat.pickup.minecraft.fence_gate":1,"stat.pickup.minecraft.furnace":8,"stat.useItem.minecraft.redstone":15,"stat.pickup.exnihilocreatio.item_ore_iron":954,"stat.pickup.minecraft.iron_chestplate":1,"stat.drop.environmentaltech.void_ore_miner_cont_1":1,"stat.pickup.exnihilocreatio.item_ore_osmium":133,"stat.pickup.minecraft.skull":3,"stat.mineBlock.extrautils2.passivegenerator":1,"stat.pickup.chancecubes.chance_cube":1,"stat.craftItem.appliedenergistics2.quartz_glass":100,"stat.craftItem.ironchest.iron_chest":3,"stat.pickup.exnihilocreatio.item_ore_nickel":104,"stat.useItem.minecraft.hopper":23,"stat.craftItem.exnihilocreatio.item_ore_lead":17,"stat.craftItem.harvestcraft.groundtrap":2,"stat.drop.extrautils2.passivegenerator":4,"stat.drop.randomthings.timeinabottle":1,"stat.useItem.hatchery.animalnet":57,"stat.playOneMinute":2391870,"stat.pickup.minecraft.diamond_block":2,"stat.pickup.thaumcraft.crystal_vitium":40,"stat.craftItem.appliedenergistics2.material":197,"stat.mineBlock.minecraft.netherrack":7,"stat.mineBlock.appliedenergistics2.cable_bus":7,"stat.drop.minecraft.flint":63,"stat.useItem.betterbuilderswands.wandstone":22,"stat.mineBlock.bigreactors.reactorglass":3,"stat.craftItem.minecraft.iron_nugget":0,"stat.pickup.minecraft.cooked_chicken":39,"stat.fallOneCm":21840,"stat.useItem.bigreactors.reactorcasing":94,"stat.pickup.draconicevolution.grinder":1,"stat.craftItem.minecraft.chest":47,"stat.craftItem.ironchest.diamond_obsidian_chest_upgrade":3,"stat.drop.appliedenergistics2.drive":2,"stat.useItem.minecraft.iron_hoe":124,"stat.pickup.minecraft.comparator":3,"stat.pickup.minecraft.feather":9,"stat.drop.minecraft.iron_leggings":1,"stat.useItem.harvestcraft.epicbaconitem":44,"stat.useItem.minecraft.stone_pickaxe":656,"stat.craftItem.draconicevolution.wyvern_core":0,"stat.craftItem.minecraft.iron_leggings":2,"stat.pickup.fluidcows.stall":2,"stat.pickup.minecraft.record_13":1,"stat.useItem.ironchest.iron_chest":7,"stat.pickup.tp.plump_pear":1,"stat.craftItem.extrautils2.compressedgravel":885,"stat.pickup.minecraft.log":3524,"stat.pickup.mekanism.machineblock":1,"stat.pickup.minecraft.wooden_door":14,"stat.drop.minecraft.clay":1,"stat.useItem.hatchery.nest":15,"stat.pickup.minecraft.diamond_helmet":2,"stat.pickup.immersiveengineering.metal_device1":1,"stat.craftItem.actuallyadditions.item_sword_emerald":0,"stat.sneakTime":27237,"stat.mineBlock.hatchery.nest":2,"stat.pickup.minecraft.chest":16,"stat.drop.ftbquests.book":1,"stat.pickup.immersiveengineering.ore":4,"stat.mineBlock.bigreactors.reactorcasing":2,"stat.mineBlock.actuallyadditions.block_misc":19,"stat.pickup.enderstorage.ender_pouch":1,"stat.craftItem.minecraft.iron_trapdoor":0,"stat.craftItem.extrautils2.compressedcobblestone":3413,"stat.swimOneCm":58925,"stat.mineBlock.minecraft.diamond_block":2,"stat.useItem.minecraft.dirt":286,"stat.drop.betterbuilderswands.wandstone":2,"stat.craftItem.draconicevolution.draconic_block":0,"stat.pickup.excompressum.compressed_hammer_diamond":2,"stat.craftItem.draconicevolution.draconic_ingot":0,"stat.mineBlock.minecraft.carpet":5,"stat.useItem.hatchery.hatcheryegg":13,"stat.pickup.minecraft.clay":65,"stat.craftItem.fluidcows.cow_halter":0,"stat.pickup.appliedenergistics2.material":163,"stat.drop.minecraft.wheat_seeds":7,"stat.craftItem.yabba.upgrade_gold_tier":4,"stat.pickup.extrautils2.compressedgravel":33,"stat.useItem.minecraft.sign":4,"stat.pickup.thaumcraft.crystal_ignis":33,"stat.craftItem.actuallyadditions.item_axe_emerald":0,"stat.drop.excompressum.compressed_block":60,"stat.mineBlock.quantumflux.graphiteore":2,"stat.pickup.minecraft.stonebrick":5,"stat.pickup.minecraft.redstone_lamp":3,"stat.useItem.mysticalagradditions.special":1,"stat.craftItem.minecraft.brick_block":33,"stat.craftItem.minecraft.stone_slab2":0,"stat.craftItem.draconicevolution.particle_generator":0,"stat.useItem.minecraft.stone_slab":8,"stat.craftItem.draconicevolution.wyvern_energy_core":0,"stat.useItem.minecraft.bed":1,"stat.mineBlock.rftools.dimensional_shard_ore":23,"stat.pickup.exnihilocreatio.item_material":36,"stat.craftItem.minecraft.stone":40,"stat.mineBlock.minecraft.crafting_table":1,"stat.useItem.minecraft.diamond_pickaxe":1596,"stat.drop.exnihilocreatio.block_dust":2,"stat.useItem.minecraft.wheat":1,"stat.craftItem.actuallyadditions.item_pickaxe_crystal_green":0,"stat.pickup.chancecubes.chance_icosahedron":1,"stat.useItem.thermalfoundation.tool.hammer_invar":503,"stat.pickup.minecraft.stone_button":2,"stat.pickup.minecraft.slime_ball":17,"stat.craftItem.minecraft.diamond_pickaxe":1,"stat.craftItem.exnihilocreatio.item_ore_copper":52,"stat.pickup.tconstruct.toolforge":1,"stat.killEntity.BrainyZombie":9,"stat.craftItem.bigreactors.reactorcoolantport":0,"stat.pickup.minecraft.gravel":8266,"stat.useItem.extrautils2.compressedcobblestone":937,"stat.useItem.minecraft.diamond_axe":20,"stat.pickup.stonechest.part_cobblestone":2,"stat.mineBlock.appliedenergistics2.drive":1,"stat.pickup.exnihilocreatio.item_ore_tin":198,"stat.craftItem.minecraft.brick_stairs":28,"stat.pickup.minecraft.iron_helmet":1,"stat.craftItem.actuallyadditions.item_boots_emerald":4,"stat.pickup.minecraft.spider_eye":8,"stat.useItem.minecraft.stone_button":95,"stat.pickup.minecraft.experience_bottle":3,"stat.pickup.exchangers.resonant_exchanger":1,"stat.craftItem.chickens.analyzer":1,"stat.useItem.minecraft.cooked_chicken":26,"stat.pickup.minecraft.iron_ore":49,"stat.pickup.actuallyadditions.item_helm_crystal_green":1,"stat.pickup.minecraft.leaves":576,"stat.pickup.minecraft.leather":2,"stat.pickup.mysticalagriculture.crafting":5946,"stat.pickup.minecraft.reeds":5,"stat.drop.thermalexpansion.cell":1,"stat.craftItem.minecraft.glass":59,"stat.mineBlock.excompressum.heavy_sieve":1,"stat.killEntity.Pig":1,"stat.craftItem.minecraft.iron_sword":1,"stat.walkOneCm":4325188,"stat.craftItem.excompressum.compressed_block":501,"stat.playerKills":1,"stat.pickup.thermalfoundation.tool.hammer_invar":2,"stat.pickup.minecraft.clay_ball":11,"stat.craftItem.actuallyadditions.item_pants_crystal_green":2,"stat.mineBlock.hatchery.pen":1,"stat.drop.minecraft.iron_chestplate":1,"stat.pickup.minecraft.stone":589,"stat.mineBlock.minecraft.wool":2,"stat.craftItem.minecraft.hay_block":54,"stat.pickup.minecraft.gold_ingot":14,"stat.mineBlock.thermalfoundation.ore_fluid":53,"stat.drop.thermalfoundation.upgrade":1,"stat.killEntity.Skeleton":33,"stat.mineBlock.minecraft.cactus":1,"stat.craftItem.exnihilocreatio.item_ore_tin":24,"stat.craftItem.cyclicmagic.energy_pipe":0,"stat.mineBlock.minecraft.redstone_torch":1,"stat.pickup.cyclicmagic.item_pipe":3,"stat.killEntity.Spider":13,"stat.mineBlock.thermalfoundation.glass_alloy":1,"stat.pickup.minecraft.bread":4,"stat.pickup.mysticalagradditions.tier6_inferium_seeds":1,"stat.craftItem.openblocks.dev_null":0,"stat.pickup.minecraft.quartz":53,"stat.pickup.actuallyadditions.item_pickaxe_crystal_green":1,"stat.useItem.bigreactors.reactorcontrolrod":4,"stat.pickup.minecraft.water_bucket":6,"stat.mineBlock.minecraft.redstone_ore":37,"stat.useItem.mysticalagriculture.mystical_fertilizer":1913,"stat.craftItem.minecraft.coal_block":64,"stat.craftItem.minecraft.brick":84,"stat.mineBlock.minecraft.stone":36808}