{"stat.drop.excompressum.compressed_hammer_stone":2,"stat.leaveGame":9,"stat.craftItem.excompressum.compressed_hammer_stone":12,"stat.useItem.chancecubes.chance_cube":14,"stat.drop.exchangers.resonant_exchanger":1,"stat.mineBlock.minecraft.web":15,"stat.pickup.exnihilocreatio.block_dust":4513,"stat.pickup.minecraft.rotten_flesh":21,"stat.pickup.excompressum.compressed_block":263,"stat.craftItem.bigreactors.reactorcasingcores":2,"stat.craftItem.minecraft.stone_axe":3,"stat.pickup.minecraft.bucket":4,"stat.killEntity.Enderman":3,"stat.craftItem.bigreactors.reactorfuelrod":0,"stat.killEntity.Witch":10,"stat.craftItem.excompressum.compressed_hammer_diamond":5,"stat.pickup.exnihilocreatio.item_ore_copper":245,"stat.mineBlock.minecraft.end_stone":346,"stat.useItem.exnihilocreatio.item_material":6,"stat.craftItem.harvestcraft.grainbaititem":8,"stat.useItem.minecraft.iron_pickaxe":1252,"stat.craftItem.tp.diamond_cobblegen_block":1,"stat.craftItem.stonechest.chest_cobblestone":3,"stat.pickup.excompressum.heavy_sieve":1,"stat.craftItem.minecraft.bed":2,"stat.pickup.thermalfoundation.material":114,"stat.furnaceInteraction":68,"stat.mineBlock.chancecubes.chance_cube":14,"stat.killEntity.ZombieVillager":2,"stat.drop.hatchery.animalnet":1,"stat.useItem.exnihilocreatio.item_cooked_silkworm":6,"stat.drop.appliedenergistics2.crystal_seed":58,"stat.pickup.exnihilocreatio.item_cooked_silkworm":6,"stat.pickup.ceramics.unfired_clay":5,"stat.pickup.actuallyadditions.item_crystal":1,"stat.pickup.tp.iron_cobblegen_block":1,"stat.useItem.minecraft.flint_and_steel":11,"stat.useItem.minecraft.wheat_seeds":150,"stat.pickup.minecraft.emerald":4882,"stat.pickup.cyclicmagic.tool_torch_launcher":4,"stat.useItem.minecraft.dye":63,"stat.craftItem.appliedenergistics2.storage_cell_1k":87,"stat.mineBlock.enderstorage.ender_storage":2,"stat.deaths":1,"stat.pickup.minecraft.egg":10,"stat.pickup.actuallyadditions.item_dust":23,"stat.pickup.thaumcraft.crystal_terra":42,"stat.pickup.randomthings.advanceditemcollector":1,"stat.craftItem.minecraft.iron_pickaxe":5,"stat.drop.tp.birthday_pickaxe":2,"stat.drop.minecraft.iron_ingot":64,"stat.mineBlock.minecraft.tallgrass":1,"stat.chestOpened":301,"stat.craftItem.roost.roost":17,"stat.craftItem.minecraft.sign":6,"stat.useItem.minecraft.stone":50,"stat.pickup.minecraft.iron_sword":1,"stat.pickup.minecraft.arrow":29,"stat.craftItem.mekanism.machineblock":0,"stat.pickup.extrautils2.compressedcobblestone":14,"stat.pickup.minecraft.gold_nugget":2,"stat.drop.minecraft.iron_pickaxe":1,"stat.pickup.minecraft.carrot":3,"stat.crouchOneCm":33738,"stat.mineBlock.minecraft.chest":8,"stat.craftItem.minecraft.iron_ingot":98,"stat.drop.actuallyadditions.item_spawner_changer":1,"stat.craftItem.minecraft.hopper":13,"stat.killEntity.thermalfoundation.blizz":9,"stat.craftingTableInteraction":13,"stat.pickup.minecraft.repeater":4,"stat.craftItem.tconstruct.pattern":16,"stat.pickup.minecraft.dye":501,"stat.pickup.exnihilocreatio.item_ore_gold":98,"stat.pickup.minecraft.planks":8,"stat.pickup.minecraft.wheat_seeds":885,"stat.pickup.enderio.item_material":14,"stat.mineBlock.minecraft.glass":14,"stat.drop.minecraft.carpet":1,"stat.craftItem.excompressum.double_compressed_diamond_hammer":2,"stat.craftItem.minecraft.magma":1,"stat.mineBlock.yabba.item_barrel":1,"stat.drop.enderio.item_material":2,"stat.mineBlock.minecraft.dirt":17,"stat.pickup.botania.fertilizer":4,"stat.craftItem.yabba.upgrade_star_tier":4,"stat.useItem.stoneblockutilities.crook_stone":1228,"stat.pickup.exnihilocreatio.item_mesh":1,"stat.pickup.immersiveengineering.seed":1,"stat.craftItem.thermalfoundation.storage":0,"stat.mineBlock.extrautils2.compresseddirt":503,"stat.craftItem.ironchest.iron_gold_chest_upgrade":3,"stat.useItem.minecraft.cobblestone":530,"stat.useItem.minecraft.gravel":78,"stat.pickup.hatchery.nest":2,"stat.mineBlock.extrautils2.crafter":2,"stat.pickup.extrautils2.crafter":2,"stat.pickup.minecraft.iron_pickaxe":1,"stat.pickup.randomthings.timeinabottle":5,"stat.pickup.minecraft.chicken":35,"stat.mineBlock.minecraft.silver_shulker_box":1,"stat.pickup.minecraft.apple":20,"stat.craftItem.appliedenergistics2.inscriber":1,"stat.pickup.minecraft.end_stone":178,"stat.pickup.extrautils2.compresseddirt":1,"stat.craftItem.minecraft.bucket":7,"stat.craftItem.minecraft.planks":1316,"stat.useItem.minecraft.iron_sword":71,"stat.pickup.extrautils2.filter":2,"stat.pickup.draconicevolution.nugget":1,"stat.useItem.minecraft.stonebrick":24,"stat.mineBlock.minecraft.log":98,"stat.useItem.roost.chicken":142,"stat.craftItem.minecraft.paper":30,"stat.killEntity.BabySkeleton":6,"stat.pickup.minecraft.red_flower":1,"stat.craftItem.thermalexpansion.frame":2,"stat.drop.chickens.analyzer":1,"stat.craftItem.minecraft.cobblestone":368,"stat.cakeSlicesEaten":30,"stat.pickup.harvestcraft.epicbaconitem":11,"stat.pickup.cyclicmagic.sprinkler":1,"stat.mineBlock.minecraft.cobblestone":152,"stat.pickup.minecraft.stone_pickaxe":2,"stat.pickup.minecraft.flint":137,"stat.craftItem.thermalexpansion.cell":1,"stat.craftItem.thermalfoundation.storage_alloy":1,"stat.craftItem.minecraft.wool":6,"stat.mineBlock.appliedenergistics2.quartz_ore":2,"stat.drop.storagedrawers.upgrade_storage":1,"stat.drop.randomthings.advanceditemcollector":1,"stat.craftItem.draconicevolution.grinder":0,"stat.drop.minecraft.cobblestone":173,"stat.pickup.hatchery.animalnet":3,"stat.pickup.tp.plump_peach":1,"stat.useItem.minecraft.obsidian":6,"stat.useItem.minecraft.cookie":2,"stat.mineBlock.ironchest.iron_chest":6,"stat.useItem.minecraft.stone_slab2":327,"stat.pickup.minecraft.bow":3,"stat.craftItem.minecraft.furnace":10,"stat.pickup.thermalfoundation.ore":62,"stat.craftItem.exnihilocreatio.hammer_diamond":52,"stat.useItem.minecraft.egg":5,"stat.craftItem.minecraft.iron_boots":3,"stat.pickup.minecraft.pumpkin_pie":1,"stat.pickup.tp.cooked_apple":60,"stat.mineBlock.minecraft.obsidian":20,"stat.craftItem.minecraft.bow":2,"stat.pickup.minecraft.iron_trapdoor":2,"stat.pickup.mysticalagradditions.special":1,"stat.pickup.minecraft.diamond_leggings":2,"stat.useItem.exnihilocreatio.hammer_stone":189,"stat.flyOneCm":801512,"stat.drop.minecraft.iron_helmet":1,"stat.pickup.actuallyadditions.item_booklet":2,"stat.pickup.minecraft.fish":4,"stat.useItem.extrautils2.compressedgravel":632,"stat.craftItem.yabba.upgrade_blank":16,"stat.craftItem.minecraft.stained_glass":16,"stat.timeSinceDeath":981463,"stat.pickup.yabba.item_barrel":1,"stat.craftItem.minecraft.iron_block":7,"stat.pickup.hatchery.chickenmanure":59,"stat.mineBlock.excompressum.bait":1,"stat.craftItem.minecraft.stonebrick":4,"stat.craftItem.tconstruct.seared":5,"stat.craftItem.bigreactors.reactorpowertaprf":0,"stat.mineBlock.minecraft.coal_ore":117,"stat.killEntity.Creeper":22,"stat.pickup.extrautils2.ingredients":4,"stat.pickup.extrautils2.angelring":2,"stat.talkedToVillager":2,"stat.craftItem.actuallyadditions.item_chest_emerald":4,"stat.pickup.minecraft.string":178,"stat.ae2.ItemsInserted":58715,"stat.drop.yabba.upgrade_blank":16,"stat.pickup.excompressum.compressed_hammer_stone":2,"stat.craftItem.tconstruct.stone_stick":4,"stat.useItem.minecraft.written_book":2,"stat.craftItem.tconstruct.tooltables":10,"stat.sprintOneCm":1596525,"stat.pickup.stoneblockutilities.crook_stone":2,"stat.mineBlock.minecraft.stone_slab":2,"stat.pickup.extrautils2.passivegenerator":1,"stat.useItem.enderstorage.ender_storage":1,"stat.mineBlock.harvestcraft.pamapple":7,"stat.pickup.yabba.upgrade_blank":16,"stat.pickup.thaumcraft.crystal_aqua":41,"stat.mineBlock.mysticalagradditions.special":1,"stat.useItem.minecraft.ladder":2,"stat.mineBlock.extrautils2.compressedsand":541,"stat.killEntity.Zombie":31,"stat.pickup.minecraft.snowball":4,"stat.pickup.rftools.dimensional_shard":58,"stat.craftItem.exnihilocreatio.item_cooked_silkworm":13,"stat.craftItem.minecraft.diamond_axe":0,"stat.mineBlock.minecraft.gold_ore":22,"stat.diveOneCm":393,"stat.pickup.minecraft.wheat":319,"stat.mineBlock.immersiveengineering.metal_device1":1,"stat.pickup.tconstruct.tooltables":3,"stat.mineBlock.tp.iron_cobblegen_block":1,"stat.craftItem.exnihilocreatio.item_ore_osmium":26,"stat.craftItem.minecraft.ladder":0,"stat.pickup.minecraft.sign":3,"stat.pickup.minecraft.obsidian":48,"stat.drop.minecraft.apple":2,"stat.craftItem.exnihilocreatio.block_crucible":7,"stat.craftItem.minecraft.diamond_sword":1,"stat.useItem.minecraft.sand":2,"stat.jump":5063,"stat.pickup.tp.birthday_pickaxe":5,"stat.pickup.minecraft.coal":847,"stat.pickup.minecraft.iron_ingot":221,"stat.craftItem.minecraft.lever":1,"stat.pickup.minecraft.gunpowder":129,"stat.craftItem.minecraft.torch":256,"stat.pickup.excompressum.chicken_stick":2,"stat.pickup.minecraft.dirt":6010,"stat.useItem.minecraft.glass":26,"stat.useItem.minecraft.sapling":34,"stat.pickup.minecraft.gold_ore":22,"stat.pickup.draconicevolution.generator":2,"stat.mineBlock.minecraft.lapis_ore":10,"stat.drop.extrautils2.compressedcobblestone":1,"stat.pickup.minecraft.cookie":66,"stat.damageTaken":1819,"stat.mineBlock.minecraft.torch":56,"stat.pickup.minecraft.written_book":2,"stat.pickup.immersiveengineering.metal":15,"stat.mineBlock.minecraft.sapling":4,"stat.pickup.minecraft.potato":14,"stat.craftItem.extrautils2.compressedsand":512,"stat.pickup.thermalexpansion.reservoir":3,"stat.drop.thaumcraft.brain":6,"stat.mineBlock.exnihilocreatio.block_barrel1":1,"stat.useItem.excompressum.compressed_hammer_diamond":1315,"stat.craftItem.minecraft.stone_slab":12,"stat.craftItem.yabba.upgrade_iron_tier":2,"stat.pickup.hatchery.hatcheryegg":12,"stat.animalsBred":1,"stat.useItem.minecraft.chest":14,"stat.mineBlock.cyclicmagic.water_candle":1,"stat.pickup.minecraft.diamond_pickaxe":1,"stat.pickup.appliedenergistics2.quartz_glass":2,"stat.craftItem.bigreactors.reactoraccessport":0,"stat.useItem.minecraft.lava_bucket":4,"stat.pickup.thaumcraft.crystal_aer":42,"stat.craftItem.minecraft.iron_chestplate":3,"stat.pickup.minecraft.ender_pearl":3,"stat.useItem.minecraft.redstone_ore":1,"stat.pickup.minecraft.cooked_beef":1,"stat.craftItem.ironchest.diamond_crystal_chest_upgrade":0,"stat.drop.mekanism.controlcircuit":1,"stat.mineBlock.minecraft.stonebrick":4,"stat.craftItem.draconicevolution.info_tablet":0,"stat.pickup.thaumcraft.crystal_perditio":34,"stat.mobKills":144,"stat.pickup.minecraft.diamond_boots":2,"stat.pickup.minecraft.diamond":27,"stat.pickup.ftbquests.lootcrate":10,"stat.craftItem.bigreactors.reactorglass":0,"stat.pickup.minecraft.torch":125,"stat.craftItem.exnihilocreatio.item_ore_aluminium":37,"stat.pickup.thaumcraft.brain":15,"stat.drop.minecraft.stone_axe":1,"stat.craftItem.minecraft.compass":1,"stat.useItem.extrautils2.compresseddirt":493,"stat.drop.ftbquests.lootcrate":1,"stat.useItem.randomthings.timeinabottle":600,"stat.pickup.ftbquests.book":1,"stat.mineBlock.thaumcraft.ore_quartz":3,"stat.useItem.minecraft.soul_sand":1,"stat.pickup.thaumcraft.crystal_ordo":37,"stat.killEntity.Blaze":1,"stat.useItem.cyclicmagic.sprinkler":5,"stat.mineBlock.extrautils2.compressedcobblestone":902,"stat.useItem.minecraft.planks":46,"stat.pickup.appliedenergistics2.drive":2,"stat.pickup.minecraft.golden_boots":1,"stat.mineBlock.immersiveengineering.ore":3,"stat.pickup.enderstorage.ender_storage":2,"stat.pickup.minecraft.glass":103,"stat.pickup.minecraft.blaze_powder":6,"stat.craftItem.bigreactors.reactorcontrolrod":0,"stat.craftItem.hatchery.nest":1,"stat.useItem.minecraft.water_bucket":77,"stat.pickup.minecraft.sand":4571,"stat.useItem.stonechest.chest_cobblestone":1,"stat.craftItem.mekanism.basicblock":0,"stat.useItem.tp.plump_pear":1,"stat.useItem.tp.bsc_iron_sword":53,"stat.pickup.exnihilocreatio.item_pebble":416,"stat.craftItem.minecraft.cobblestone_wall":0,"stat.mineBlock.exnihilocreatio.block_infested_leaves":115,"stat.drop.roost.chicken":2,"stat.mineBlock.minecraft.sand":5,"stat.craftItem.cyclicmagic.sprinkler":5,"stat.hopperInspected":38,"stat.useItem.yabba.item_barrel":2,"stat.pickup.projectred-core.resource_item":197,"stat.craftItem.bigreactors.reactorcasing":8,"stat.drop.harvestcraft.epicbaconitem":1,"stat.useItem.tp.cooked_apple":2,"stat.pickup.quantumflux.graphitedust":1,"stat.drop.exnihilocreatio.item_material":13,"stat.pickup.appliedenergistics2.crystal_seed":58,"stat.pickup.exnihilocreatio.block_barrel1":1,"stat.pickup.actuallyadditions.item_solidified_experience":15,"stat.craftItem.thermalfoundation.material":7,"stat.pickup.hatchery.pen":1,"stat.craftItem.cyclicmagic.block_user":1,"stat.pickup.minecraft.furnace":8,"stat.useItem.minecraft.redstone":8,"stat.useItem.tp.plump_peach":1,"stat.pickup.extrautils2.compressedsand":40,"stat.pickup.exnihilocreatio.item_ore_iron":954,"stat.pickup.minecraft.iron_chestplate":1,"stat.drop.environmentaltech.void_ore_miner_cont_1":1,"stat.pickup.exnihilocreatio.item_ore_osmium":133,"stat.pickup.minecraft.skull":2,"stat.mineBlock.extrautils2.passivegenerator":1,"stat.drop.wct.wct":1,"stat.pickup.chancecubes.chance_cube":1,"stat.pickup.harvestcraft.grainbaititem":8,"stat.craftItem.appliedenergistics2.quartz_glass":100,"stat.pickup.thaumcraft.nugget":1,"stat.craftItem.ironchest.iron_chest":3,"stat.pickup.exnihilocreatio.item_ore_nickel":104,"stat.useItem.minecraft.hopper":22,"stat.useItem.roost.roost":13,"stat.mineBlock.minecraft.soul_sand":1,"stat.craftItem.exnihilocreatio.item_ore_lead":17,"stat.craftItem.harvestcraft.groundtrap":2,"stat.pickup.ironchest.iron_chest":6,"stat.drop.extrautils2.passivegenerator":4,"stat.drop.randomthings.timeinabottle":1,"stat.useItem.hatchery.animalnet":54,"stat.playOneMinute":1661961,"stat.pickup.minecraft.blaze_rod":4,"stat.pickup.harvestcraft.groundtrap":1,"stat.mineBlock.cyclicmagic.block_user":2,"stat.pickup.minecraft.netherrack":38,"stat.pickup.thaumcraft.crystal_vitium":40,"stat.craftItem.appliedenergistics2.material":197,"stat.mineBlock.minecraft.netherrack":7,"stat.drop.minecraft.flint":63,"stat.useItem.exchangers.resonant_exchanger":7,"stat.useItem.betterbuilderswands.wandstone":22,"stat.useItem.minecraft.experience_bottle":3,"stat.fallOneCm":19209,"stat.craftItem.tconstruct.toolforge":2,"stat.pickup.draconicevolution.grinder":1,"stat.craftItem.minecraft.chest":47,"stat.craftItem.ironchest.diamond_obsidian_chest_upgrade":3,"stat.drop.appliedenergistics2.drive":2,"stat.useItem.minecraft.iron_hoe":124,"stat.pickup.minecraft.comparator":3,"stat.pickup.minecraft.feather":7,"stat.drop.minecraft.iron_leggings":1,"stat.useItem.minecraft.furnace":7,"stat.pickup.excompressum.wood_chippings":19,"stat.useItem.harvestcraft.epicbaconitem":29,"stat.craftItem.tconstruct.materials":29,"stat.pickup.minecraft.iron_leggings":1,"stat.mineBlock.minecraft.gravel":341,"stat.useItem.minecraft.stone_pickaxe":656,"stat.craftItem.minecraft.iron_leggings":2,"stat.pickup.minecraft.record_13":1,"stat.pickup.minecraft.golden_apple":64,"stat.craftItem.minecraft.redstone_block":7,"stat.useItem.ironchest.iron_chest":6,"stat.useItem.minecraft.log":11,"stat.pickup.tp.plump_pear":1,"stat.craftItem.minecraft.crafting_table":8,"stat.craftItem.extrautils2.compressedgravel":885,"stat.pickup.minecraft.iron_hoe":1,"stat.pickup.excompressum.bait":2,"stat.mineBlock.minecraft.emerald_ore":2,"stat.pickup.minecraft.log":151,"stat.pickup.mekanism.machineblock":1,"stat.pickup.minecraft.sapling":176,"stat.pickup.roost.chicken":25,"stat.pickup.minecraft.wooden_door":12,"stat.drop.minecraft.clay":1,"stat.craftItem.bigreactors.reactorcontroller":0,"stat.mineBlock.tconstruct.toolforge":1,"stat.useItem.hatchery.nest":15,"stat.pickup.minecraft.diamond_helmet":2,"stat.useItem.exnihilocreatio.block_crucible":6,"stat.pickup.roost.catcher":2,"stat.mineBlock.mekanism.machineblock":1,"stat.pickup.immersiveengineering.metal_device1":1,"stat.sneakTime":17038,"stat.drop.minecraft.bucket":2,"stat.mineBlock.extrautils2.compressedgravel":649,"stat.mineBlock.hatchery.nest":2,"stat.craftItem.ironchest.gold_diamond_chest_upgrade":3,"stat.pickup.minecraft.stone_slab":2,"stat.pickup.minecraft.yellow_flower":1,"stat.pickup.minecraft.chest":8,"stat.drop.ftbquests.book":1,"stat.pickup.immersiveengineering.ore":4,"stat.pickup.minecraft.bone":36,"stat.craftItem.minecraft.sticky_piston":2,"stat.craftItem.ceramics.unfired_clay":55,"stat.pickup.minecraft.redstone_torch":3,"stat.craftItem.stonechest.part_cobblestone":11,"stat.mineBlock.actuallyadditions.block_misc":19,"stat.useItem.minecraft.diamond_sword":153,"stat.pickup.exnihilocreatio.item_ore_lead":132,"stat.craftItem.minecraft.iron_trapdoor":0,"stat.craftItem.extrautils2.compressedcobblestone":3413,"stat.swimOneCm":25042,"stat.climbOneCm":6803,"stat.ae2.ItemsExtracted":6150,"stat.useItem.minecraft.dirt":286,"stat.drop.betterbuilderswands.wandstone":2,"stat.mineBlock.extrautils2.spike_iron":4,"stat.craftItem.minecraft.bone_block":32,"stat.pickup.minecraft.anvil":1,"stat.craftItem.minecraft.trapdoor":2,"stat.pickup.excompressum.compressed_hammer_diamond":2,"stat.craftItem.minecraft.stone_pickaxe":5,"stat.pickup.minecraft.cobblestone":18103,"stat.mineBlock.minecraft.carpet":5,"stat.useItem.hatchery.hatcheryegg":13,"stat.pickup.exnihilocreatio.item_seed_cactus":1,"stat.pickup.minecraft.clay":65,"stat.pickup.minecraft.soul_sand":7,"stat.pickup.appliedenergistics2.material":163,"stat.drop.minecraft.wheat_seeds":7,"stat.craftItem.yabba.upgrade_gold_tier":4,"stat.craftItem.extrautils2.compresseddirt":502,"stat.useItem.minecraft.cooked_beef":1,"stat.pickup.minecraft.cactus":3,"stat.pickup.extrautils2.compressedgravel":33,"stat.pickup.minecraft.redstone":292,"stat.ae2.TurnedCranks":26,"stat.craftItem.minecraft.dispenser":2,"stat.mineBlock.minecraft.iron_ore":54,"stat.pickup.exnihilocreatio.hammer_stone":1,"stat.useItem.minecraft.sign":4,"stat.pickup.thaumcraft.crystal_ignis":33,"stat.craftItem.actuallyadditions.item_helm_emerald":4,"stat.drop.excompressum.compressed_block":60,"stat.pickup.minecraft.cake":2,"stat.mineBlock.thermalfoundation.ore":62,"stat.mineBlock.quantumflux.graphiteore":2,"stat.pickup.minecraft.stonebrick":4,"stat.pickup.minecraft.redstone_lamp":3,"stat.useItem.mysticalagradditions.special":1,"stat.pickup.minecraft.carpet":141,"stat.drop.appliedenergistics2.inscriber":1,"stat.craftItem.exnihilocreatio.hammer_stone":111,"stat.craftItem.minecraft.stone_slab2":0,"stat.pickup.exnihilocreatio.item_ore_aluminium":186,"stat.drop.exnihilocreatio.block_barrel1":1,"stat.pickup.minecraft.paper":2,"stat.craftItem.minecraft.stick":476,"stat.drop.thermalexpansion.reservoir":3,"stat.useItem.minecraft.stone_slab":7,"stat.craftItem.draconicevolution.wyvern_energy_core":0,"stat.useItem.minecraft.bed":1,"stat.mineBlock.rftools.dimensional_shard_ore":17,"stat.pickup.exnihilocreatio.item_material":36,"stat.craftItem.minecraft.stone":4,"stat.useItem.morechickens.solidxp":5,"stat.useItem.minecraft.diamond_pickaxe":1590,"stat.mineBlock.harvestcraft.groundtrap":1,"stat.useItem.excompressum.compressed_hammer_stone":1228,"stat.drop.exnihilocreatio.block_dust":2,"stat.craftItem.minecraft.clay_ball":256,"stat.pickup.minecraft.diamond_chestplate":2,"stat.pickup.chancecubes.chance_icosahedron":1,"stat.mineBlock.minecraft.planks":15,"stat.useItem.extrautils2.compressedsand":528,"stat.drop":171,"stat.useItem.thermalfoundation.tool.hammer_invar":503,"stat.pickup.minecraft.stone_button":2,"stat.useItem.tconstruct.seared":1,"stat.pickup.minecraft.slime_ball":2,"stat.drop.minecraft.iron_boots":1,"stat.craftItem.minecraft.diamond_pickaxe":1,"stat.craftItem.exnihilocreatio.item_ore_copper":52,"stat.pickup.petrock.stoneium":1,"stat.craftItem.minecraft.piston":4,"stat.pickup.minecraft.record_strad":1,"stat.pickup.tconstruct.toolforge":1,"stat.killEntity.BrainyZombie":9,"stat.craftItem.bigreactors.reactorcoolantport":0,"stat.pickup.minecraft.gravel":8266,"stat.useItem.extrautils2.compressedcobblestone":937,"stat.useItem.minecraft.diamond_axe":20,"stat.mineBlock.minecraft.anvil":1,"stat.pickup.stonechest.part_cobblestone":2,"stat.useItem.minecraft.apple":3,"stat.mineBlock.minecraft.deadbush":1,"stat.pickup.exnihilocreatio.item_ore_tin":198,"stat.pickup.minecraft.fence":1,"stat.pickup.minecraft.iron_helmet":1,"stat.craftItem.actuallyadditions.item_boots_emerald":4,"stat.useItem.tp.birthday_pickaxe":12139,"stat.useItem.minecraft.stone_axe":93,"stat.pickup.minecraft.spider_eye":4,"stat.pickup.wct.wct":3,"stat.pickup.tp.bsc_iron_sword":2,"stat.craftItem.minecraft.iron_helmet":4,"stat.drop.chancecubes.chance_cube":1,"stat.pickup.minecraft.experience_bottle":3,"stat.pickup.exchangers.resonant_exchanger":1,"stat.pickup.actuallyadditions.block_misc":19,"stat.craftItem.chickens.analyzer":1,"stat.craftItem.stoneblockutilities.crook_stone":3,"stat.pickup.minecraft.iron_ore":48,"stat.boatOneCm":4141,"stat.craftItem.minecraft.flint_and_steel":1,"stat.useItem.minecraft.redstone_lamp":2,"stat.craftItem.exnihilocreatio.item_ore_iron":175,"stat.pickup.actuallyadditions.item_coffee_seed":1,"stat.mineBlock.tconstruct.tooltables":3,"stat.drop.actuallyadditions.item_booklet":1,"stat.pickup.minecraft.leather":1,"stat.craftItem.minecraft.iron_bars":32,"stat.mineBlock.minecraft.furnace":8,"stat.pickup.mysticalagriculture.crafting":61,"stat.pickup.minecraft.reeds":4,"stat.pickup.exnihilocreatio.item_ore_silver":105,"stat.killEntity.CaveSpider":1,"stat.drop.thermalexpansion.cell":1,"stat.damageDealt":13152,"stat.craftItem.minecraft.glass":59,"stat.craftItem.minecraft.anvil":2,"stat.mineBlock.excompressum.heavy_sieve":1,"stat.craftItem.minecraft.iron_sword":1,"stat.walkOneCm":2614769,"stat.craftItem.excompressum.compressed_block":501,"stat.playerKills":1,"stat.pickup.thermalfoundation.tool.hammer_invar":2,"stat.pickup.minecraft.stick":8,"stat.craftItem.exnihilocreatio.item_material":6,"stat.pickup.minecraft.clay_ball":11,"stat.pickup.bigreactors.ingotmetals":5624,"stat.mineBlock.hatchery.pen":1,"stat.craftItem.actuallyadditions.item_pants_emerald":4,"stat.drop.minecraft.iron_chestplate":1,"stat.pickup.minecraft.stone":92,"stat.mineBlock.minecraft.wool":2,"stat.craftItem.minecraft.hay_block":54,"stat.craftItem.minecraft.redstone":63,"stat.mineBlock.cyclicmagic.sprinkler":1,"stat.pickup.minecraft.gold_ingot":1,"stat.mineBlock.thermalfoundation.ore_fluid":49,"stat.drop.thermalfoundation.upgrade":1,"stat.killEntity.Skeleton":26,"stat.mineBlock.minecraft.cactus":1,"stat.craftItem.exnihilocreatio.item_ore_tin":24,"stat.pickup.mekanism.controlcircuit":1,"stat.killEntity.Spider":10,"stat.pickup.minecraft.bread":2,"stat.craftItem.exnihilocreatio.block_barrel1":1,"stat.pickup.minecraft.quartz":52,"stat.mineBlock.minecraft.leaves":518,"stat.mineBlock.minecraft.redstone_ore":37,"stat.craftItem.minecraft.coal_block":64,"stat.mineBlock.minecraft.stone":18322}