{"stat.useItem.minecraft.bow":4,"stat.pickup.actuallyadditions.item_boots_crystal_green":2,"stat.pickup.mekanism.machineblock2":12,"stat.craftItem.excompressum.compressed_hammer_stone":6,"stat.useItem.chancecubes.chance_cube":22,"stat.craftItem.mob_grinding_utils.tank":0,"stat.useItem.draconicevolution.energy_pylon":1,"stat.craftItem.enderio.item_item_conduit":0,"stat.drop.exchangers.resonant_exchanger":1,"stat.mineBlock.minecraft.web":50,"stat.pickup.minecraft.rotten_flesh":46,"stat.pickup.excompressum.compressed_block":51,"stat.craftItem.minecraft.stone_axe":2,"stat.pickup.minecraft.bucket":5,"stat.killEntity.Enderman":11,"stat.craftItem.mob_grinding_utils.tank_sink":0,"stat.craftItem.excompressum.compressed_hammer_diamond":2,"stat.craftItem.excompressum.bait":2,"stat.mineBlock.minecraft.end_stone":765,"stat.pickup.thermalfoundation.upgrade":5,"stat.craftItem.extrautils2.machine":13,"stat.useItem.minecraft.iron_pickaxe":250,"stat.craftItem.stonechest.chest_cobblestone":1,"stat.pickup.appliedenergistics2.sky_stone_block":67,"stat.drop.minecraft.diamond_chestplate":1,"stat.pickup.enderio.item_basic_capacitor":13,"stat.mineBlock.excompressum.auto_sieve":1,"stat.furnaceInteraction":127,"stat.useItem.chickens.spawn_egg":3,"stat.drop.hatchery.animalnet":1,"stat.drop.petrock.stoneium":1,"stat.useItem.minecraft.end_stone":9,"stat.useItem.exnihilocreatio.item_cooked_silkworm":60,"stat.drop.appliedenergistics2.crystal_seed":612,"stat.craftItem.ae2wtlib.infinity_booster_card":0,"stat.useItem.minecraft.fence":15,"stat.useItem.draconicevolution.draconic_block":94,"stat.useItem.minecraft.wheat_seeds":16,"stat.craftItem.draconicevolution.draconium_block":0,"stat.pickup.minecraft.emerald":9,"stat.craftItem.appliedenergistics2.storage_cell_1k":12,"stat.pickup.minecraft.lever":3,"stat.deaths":5,"stat.useItem.tconstruct.smeltery_io":9,"stat.pickup.tp.growth_block":2,"stat.pickup.minecraft.egg":15,"stat.pickup.thaumcraft.crystal_terra":9,"stat.useItem.actuallyadditions.item_sword_crystal_green":21,"stat.pickup.minecraft.clock":1,"stat.craftItem.minecraft.iron_pickaxe":1,"stat.drop.tp.birthday_pickaxe":2,"stat.pickup.exnihilocreatio.hammer_diamond":1,"stat.pickup.minecraft.glass_pane":12,"stat.mineBlock.thermalexpansion.machine":2,"stat.chestOpened":386,"stat.pickup.thermalfoundation.wrench":2,"stat.pickup.yabba.upgrade_diamond_tier":4,"stat.pickup.minecraft.gold_nugget":3,"stat.useItem.appliedenergistics2.nether_quartz_spade":9,"stat.craftItem.minecraft.coal":190,"stat.craftItem.uppers.upper":1,"stat.pickup.minecraft.carrot":70,"stat.drop.minecraft.stone_sword":1,"stat.crouchOneCm":53641,"stat.craftItem.minecraft.diamond":10,"stat.craftItem.minecraft.iron_ingot":317,"stat.pickup.mekanismtools.glowstoneleggings":1,"stat.pickup.bonsaitrees.bonsaipot":24,"stat.craftingTableInteraction":13,"stat.mineBlock.appliedenergistics2.inscriber":2,"stat.drop.thermalfoundation.ore":2,"stat.pickup.minecraft.repeater":3,"stat.craftItem.buildcrafttransport.waterproof":0,"stat.craftItem.enderio.item_power_conduit":0,"stat.pickup.minecraft.dye":8679,"stat.pickup.minecraft.planks":356,"stat.pickup.enderio.item_material":1,"stat.pickup.thermaldynamics.duct_16":29,"stat.craftItem.roost.catcher":1,"stat.craftItem.thermaldynamics.duct_16":54,"stat.craftItem.enderio.item_alloy_nugget":0,"stat.pickup.exnihilocreatio.item_mesh":2,"stat.mineBlock.extrautils2.compresseddirt":138,"stat.drop.minecraft.rotten_flesh":4,"stat.useItem.cyclicmagic.block_storeempty":5,"stat.pickup.appliedenergistics2.energy_acceptor":3,"stat.pickup.extrautils2.crafter":8,"stat.pickup.stonechest.chest_cobblestone":2,"stat.drop.minecraft.sapling":64,"stat.pickup.minecraft.chicken":34,"stat.pickup.minecraft.end_stone":3396,"stat.pickup.minecraft.coal_block":62,"stat.craftItem.minecraft.bucket":4,"stat.craftItem.minecraft.planks":1009,"stat.pickup.minecraft.stone_sword":1,"stat.useItem.roost.chicken":208,"stat.killEntity.BabySkeleton":2,"stat.pickup.appliedenergistics2.part":36,"stat.craftItem.minecraft.cobblestone":56,"stat.drop.chisel.chisel_diamond":1,"stat.pickup.cyclicmagic.sprinkler":1,"stat.mineBlock.minecraft.cobblestone":285,"stat.pickup.minecraft.stone_pickaxe":2,"stat.pickup.minecraft.flint":3001,"stat.useItem.cyclicmagic.cyclic_wand_build":3,"stat.drop.storagedrawers.upgrade_storage":1,"stat.drop.randomthings.advanceditemcollector":2,"stat.craftItem.minecraft.clock":2,"stat.useItem.thermaldynamics.duct_16":27,"stat.drop.minecraft.cobblestone":95,"stat.useItem.minecraft.stone_slab2":704,"stat.pickup.minecraft.iron_boots":1,"stat.pickup.minecraft.stone_hoe":3,"stat.craftItem.minecraft.furnace":2,"stat.mineBlock.mekanism.transmitter":1,"stat.craftItem.minecraft.lapis_block":8,"stat.pickup.thermalfoundation.ore":4,"stat.craftItem.exnihilocreatio.hammer_diamond":13,"stat.pickup.tp.cobblegen_block":4,"stat.pickup.minecraft.diamond_leggings":9,"stat.useItem.exnihilocreatio.hammer_stone":432,"stat.craftItem.tp.reinforced_obsidian":0,"stat.useItem.minecraft.wooden_slab":1,"stat.pickup.thermaldynamics.duct_0":15,"stat.craftItem.draconicevolution.energy_pylon":0,"stat.killEntity.Creeper":7,"stat.pickup.extrautils2.angelring":4,"stat.ae2.ItemsInserted":47510,"stat.craftItem.cyclicmagic.tool_auto_torch":0,"stat.pickup.ae2wtlib.infinity_booster_card":5,"stat.pickup.enderio.block_tank":1,"stat.pickup.minecraft.birch_stairs":1,"stat.sprintOneCm":2140005,"stat.pickup.extrautils2.passivegenerator":21,"stat.craftItem.buildcrafttransport.pipe_void_fluid":0,"stat.useItem.enderio.item_power_conduit":13,"stat.pickup.yabba.upgrade_blank":16,"stat.craftItem.excompressum.wooden_crucible":1,"stat.pickup.extrautils2.suncrystal":1,"stat.mineBlock.bonsaitrees.bonsaipot":24,"stat.mineBlock.extrautils2.compressedsand":57,"stat.killEntity.Zombie":20,"stat.craftItem.minecraft.dye":54,"stat.pickup.minecraft.wheat":1425,"stat.pickup.minecraft.sign":1,"stat.pickup.minecraft.obsidian":125,"stat.mineBlock.appliedenergistics2.energy_acceptor":3,"stat.pickup.tp.birthday_pickaxe":12,"stat.pickup.minecraft.coal":53,"stat.pickup.minecraft.iron_ingot":2186,"stat.craftItem.minecraft.lever":4,"stat.pickup.minecraft.gunpowder":178,"stat.pickup.minecraft.dirt":2028,"stat.craftItem.openblocks.sprinkler":0,"stat.drop.stonechest.part_cobblestone":1,"stat.useItem.enderio.block_simple_sag_mill":1,"stat.pickup.minecraft.cookie":150,"stat.pickup.appliedenergistics2.nether_quartz_spade":4,"stat.useItem.appliedenergistics2.quartz_glass":1,"stat.brewingstandInteraction":11,"stat.mineBlock.minecraft.torch":67,"stat.pickup.minecraft.written_book":1,"stat.pickup.appliedenergistics2.biometric_card":1,"stat.craftItem.minecraft.sea_lantern":0,"stat.craftItem.extrautils2.compressedsand":99,"stat.craftItem.extrautils2.wateringcan":1,"stat.useItem.excompressum.compressed_hammer_diamond":184,"stat.useItem.hatchery.chickenmanure":8,"stat.craftItem.yabba.upgrade_iron_tier":32,"stat.craftItem.tconstruct.smeltery_io":10,"stat.pickup.minecraft.diamond_pickaxe":2,"stat.pickup.appliedenergistics2.quartz_glass":1,"stat.craftItem.harvestcraft.flouritem":0,"stat.pickup.buildcrafttransport.pipe_wood_item":1,"stat.useItem.minecraft.lava_bucket":217,"stat.pickup.actuallyadditions.item_pants_emerald":1,"stat.drop.minecraft.netherrack":3,"stat.craftItem.actuallyadditions.item_shovel_crystal_green":0,"stat.craftItem.actuallyadditions.item_boots_crystal_green":0,"stat.craftItem.minecraft.wheat":9,"stat.drop.minecraft.egg":6,"stat.pickup.actuallyadditions.item_helm_emerald":1,"stat.pickup.cyclicmagic.glove_climb":8,"stat.pickup.extrautils2.drum":1,"stat.pickup.thaumcraft.crystal_perditio":7,"stat.craftItem.buildcrafttransport.pipe_void_item":0,"stat.mobKills":130,"stat.pickup.minecraft.diamond_boots":7,"stat.drop.minecraft.written_book":1,"stat.craftItem.exnihilocreatio.item_ore_gold":13,"stat.pickup.minecraft.diamond":16,"stat.pickup.ftbquests.lootcrate":17,"stat.pickup.thaumcraft.brain":5,"stat.drop.exnihilocreatio.item_mesh":1,"stat.pickup.actuallyadditions.item_boots_emerald":1,"stat.useItem.extrautils2.compresseddirt":133,"stat.useItem.enderio.item_item_conduit":8,"stat.pickup.cyclicmagic.energy_pipe":9,"stat.mineBlock.thaumcraft.ore_quartz":1,"stat.mineBlock.chisel.glowstone":1,"stat.killEntity.Blaze":1,"stat.drop.minecraft.skull":1,"stat.craftItem.appliedenergistics2.wireless_terminal":0,"stat.pickup.minecraft.glowstone_dust":78,"stat.drop.extrautils2.snowglobe":1,"stat.mineBlock.tp.growth_block":2,"stat.drop.hatchery.chickenmanure":2,"stat.pickup.exnihilocreatio.item_pebble":400,"stat.craftItem.tconstruct.casting":10,"stat.useItem.draconicevolution.draconium_block":447,"stat.craftItem.minecraft.stone_sword":1,"stat.mineBlock.minecraft.snow_layer":2,"stat.mineBlock.minecraft.sand":11,"stat.useItem.excompressum.chicken_stick":5,"stat.mineBlock.environmentaltech.void_ore_miner_cont_1":1,"stat.hopperInspected":88,"stat.useItem.yabba.item_barrel":36,"stat.drop.minecraft.diamond":2,"stat.pickup.thermalexpansion.cell":3,"stat.drop.excompressum.chicken_stick":1,"stat.craftItem.enderio.item_material":128,"stat.useItem.tp.cooked_apple":1,"stat.craftItem.thermalfoundation.material":297,"stat.pickup.chickens.colored_egg":2,"stat.craftItem.cyclicmagic.block_storeempty":6,"stat.drop.buildcraftcore.gear_iron":1,"stat.pickup.extrautils2.compressedsand":1,"stat.mineBlock.thermalexpansion.cell":2,"stat.mineBlock.appliedenergistics2.energy_cell":2,"stat.drop.wct.wct":3,"stat.useItem.betterbuilderswands.wanddiamond":1,"stat.craftItem.chisel.chisel_diamond":0,"stat.useItem.buildcrafttransport.pipe_wood_item":1,"stat.mineBlock.minecraft.soul_sand":4,"stat.craftItem.actuallyadditions.item_chest_crystal_green":0,"stat.pickup.ironchest.iron_chest":47,"stat.useItem.openblocks.dev_null":68,"stat.pickup.minecraft.blaze_rod":4,"stat.craftItem.minecraft.diamond_block":0,"stat.craftItem.appliedenergistics2.wireless_access_point":0,"stat.craftItem.appliedenergistics2.smooth_sky_stone_block":67,"stat.mineBlock.cyclicmagic.block_user":2,"stat.pickup.minecraft.netherrack":10,"stat.pickup.minecraft.pumpkin":4,"stat.pickup.appliedenergistics2.grindstone":1,"stat.pickup.tconstruct.casting":7,"stat.drop.minecraft.hopper":3,"stat.craftItem.minecraft.flint":28,"stat.useItem.exchangers.resonant_exchanger":18,"stat.pickup.minecraft.brick_stairs":8,"stat.craftItem.appliedenergistics2.dense_energy_cell":0,"stat.useItem.chesttransporter.chesttransporter_obsidian":75,"stat.useItem.minecraft.furnace":7,"stat.craftItem.tconstruct.materials":363,"stat.pickup.draconicevolution.draconium_chest":1,"stat.pickup.betterbuilderswands.wandstone":4,"stat.pickup.minecraft.iron_leggings":1,"stat.pickup.mysticalagradditions.nether_star_seeds":1,"stat.mineBlock.minecraft.gravel":17,"stat.pickup.appliedenergistics2.energy_cell":2,"stat.pickup.minecraft.flint_and_steel":1,"stat.useItem.chickens.colored_egg":4,"stat.useItem.minecraft.torch":72,"stat.pickup.minecraft.golden_apple":64,"stat.craftItem.minecraft.redstone_block":0,"stat.useItem.minecraft.log":2,"stat.pickup.minecraft.crafting_table":2,"stat.craftItem.minecraft.crafting_table":6,"stat.pickup.enderio.block_simple_alloy_smelter":2,"stat.useItem.actuallyadditions.item_paxel_crystal_green":340,"stat.pickup.excompressum.bait":3,"stat.mineBlock.minecraft.emerald_ore":1,"stat.pickup.minecraft.redstone_block":6,"stat.pickup.minecraft.compass":1,"stat.pickup.appliedenergistics2.crank":1,"stat.pickup.minecraft.sapling":1286,"stat.pickup.roost.chicken":28,"stat.useItem.exnihilocreatio.block_barrel0":1,"stat.craftItem.actuallyadditions.item_axe_crystal_green":0,"stat.pickup.mysticalagriculture.growth_accelerator":1,"stat.useItem.exnihilocreatio.block_crucible":18,"stat.pickup.extrautils2.spike_iron":32,"stat.craftItem.enderstorage.ender_pouch":0,"stat.pickup.roost.catcher":3,"stat.mineBlock.stonechest.chest_cobblestone":2,"stat.pickup.excompressum.double_compressed_diamond_hammer":1,"stat.craftItem.hatchery.pen":1,"stat.pickup.cyclicmagic.magnet_block":4,"stat.useItem.buildcrafttransport.pipe_stone_item":23,"stat.mineBlock.extrautils2.compressedgravel":196,"stat.pickup.environmentaltech.void_ore_miner_cont_1":2,"stat.drop.minecraft.stone_pickaxe":1,"stat.pickup.minecraft.bone":38,"stat.craftItem.minecraft.sticky_piston":2,"stat.craftItem.ceramics.unfired_clay":68,"stat.pickup.minecraft.redstone_torch":3,"stat.craftItem.stonechest.part_cobblestone":8,"stat.drop.minecraft.glowstone_dust":1,"stat.pickup.chisel.planks-oak":1,"stat.pickup.thermalinnovation.drill":3,"stat.pickup.exnihilocreatio.item_ore_lead":37,"stat.climbOneCm":170,"stat.craftItem.appliedenergistics2.crank":1,"stat.pickup.thermalexpansion.machine":7,"stat.pickup.excompressum.auto_sieve":1,"stat.ae2.ItemsExtracted":10337,"stat.drop.minecraft.quartz":64,"stat.mineBlock.extrautils2.spike_iron":33,"stat.pickup.cyclicmagic.harvester_block":2,"stat.useItem.enderio.block_simple_alloy_smelter":3,"stat.pickup.appliedenergistics2.controller":18,"stat.craftItem.minecraft.stone_pickaxe":17,"stat.pickup.minecraft.cobblestone":9697,"stat.mineBlock.buildcraftcore.engine":1,"stat.drop.exnihilocreatio.item_ore_iron":2,"stat.craftItem.minecraft.glass_bottle":3,"stat.pickup.minecraft.soul_sand":16,"stat.pickup.buildcraftcore.gear_iron":1,"stat.craftItem.extrautils2.compresseddirt":137,"stat.pickup.minecraft.cactus":1,"stat.pickup.minecraft.dragon_egg":2,"stat.pickup.minecraft.redstone":4621,"stat.craftItem.minecraft.dispenser":1,"stat.ae2.TurnedCranks":598,"stat.drop.extrautils2.angelring":1,"stat.pickup.exnihilocreatio.hammer_stone":6,"stat.drop.minecraft.coal":1,"stat.craftItem.openblocks.vacuum_hopper":0,"stat.mineBlock.thermalfoundation.ore":1,"stat.pickup.minecraft.carpet":313,"stat.craftItem.tconstruct.soil":512,"stat.useItem.tconstruct.edible":1,"stat.craftItem.exnihilocreatio.hammer_stone":56,"stat.pickup.exnihilocreatio.item_ore_aluminium":39,"stat.pickup.minecraft.silver_shulker_box":1,"stat.mineBlock.draconicevolution.draconium_block":10,"stat.craftItem.minecraft.stick":160,"stat.drop.thermalexpansion.reservoir":1,"stat.useItem.extrautils2.passivegenerator":13,"stat.useItem.morechickens.solidxp":483,"stat.useItem.excompressum.compressed_hammer_stone":768,"stat.pickup.minecraft.diamond_chestplate":11,"stat.useItem.extrautils2.crafter":2,"stat.mineBlock.minecraft.planks":21,"stat.useItem.extrautils2.compressedsand":54,"stat.drop":150,"stat.pickup.draconicevolution.draconic_core":12,"stat.drop.cyclicmagic.cyclic_wand_build":1,"stat.craftItem.appliedenergistics2.charger":0,"stat.useItem.tconstruct.seared":130,"stat.craftItem.minecraft.piston":8,"stat.craftItem.chancecubes.chance_cube":5,"stat.useItem.draconicevolution.energy_crystal":4,"stat.killEntity.Slime":16,"stat.useItem.minecraft.apple":16,"stat.pickup.minecraft.fence":32,"stat.useItem.tp.birthday_pickaxe":11339,"stat.useItem.minecraft.stone_axe":344,"stat.pickup.wct.wct":13,"stat.pickup.tp.bsc_iron_sword":6,"stat.craftItem.stoneblockutilities.crook_stone":5,"stat.drop.minecraft.glass":16,"stat.boatOneCm":5138734,"stat.craftItem.exnihilocreatio.item_ore_iron":64,"stat.pickup.actuallyadditions.item_coffee_seed":1,"stat.drop.actuallyadditions.item_booklet":1,"stat.craftItem.randomthings.timeinabottle":2,"stat.craftItem.minecraft.iron_bars":0,"stat.pickup.exnihilocreatio.item_ore_silver":147,"stat.killEntity.CaveSpider":1,"stat.damageDealt":17365,"stat.pickup.extrautils2.wateringcan":3,"stat.craftItem.mysticalagradditions.insanium":0,"stat.craftItem.minecraft.bowl":4,"stat.craftItem.minecraft.gravel":576,"stat.craftItem.fluidcows.accelerator":0,"stat.pickup.minecraft.stick":6541,"stat.drop.draconicevolution.draconic_block":64,"stat.pickup.quantumflux.craftingpiece":5,"stat.craftItem.tp.growth_block":0,"stat.craftItem.harvestcraft.mortarandpestleitem":0,"stat.useItem.minecraft.redstone_block":6,"stat.mineBlock.appliedenergistics2.quartz_growth_accelerator":3,"stat.pickup.minecraft.air":0,"stat.pickup.thermaldynamics.servo":2,"stat.pickup.draconicevolution.draconium_block":107,"stat.craftItem.appliedenergistics2.crystal_seed":582,"stat.craftItem.mekanism.machineblock2":3,"stat.craftItem.exnihilocreatio.block_barrel1":1,"stat.craftItem.exnihilocreatio.block_barrel0":2,"stat.drop.minecraft.diamond_boots":1,"stat.craftItem.minecraft.fence":0,"stat.mineBlock.minecraft.leaves":1238,"stat.mineBlock.tconstruct.seared":2,"stat.drop.betterbuilderswands.wanddiamond":1,"stat.drop.excompressum.compressed_hammer_stone":1,"stat.pickup.minecraft.wooden_slab":2,"stat.pickup.draconicevolution.draconium_dust":60,"stat.leaveGame":15,"stat.craftItem.minecraft.ender_eye":0,"stat.killEntity.PigZombie":1,"stat.craftItem.chesttransporter.chesttransporter_obsidian":2,"stat.mineBlock.appliedenergistics2.security_station":2,"stat.drop.exnihilocreatio.hammer_stone":2,"stat.mineBlock.fluidcows.stall":1,"stat.mineBlock.gravestone.gravestone":6,"stat.craftItem.translocators.diamond_nugget":18,"stat.pickup.exnihilocreatio.block_dust":512,"stat.pickup.minecraft.brick_block":1,"stat.craftItem.appliedenergistics2.storage_cell_64k":4,"stat.mineBlock.minecraft.wooden_slab":1,"stat.drop.minecraft.sand":3,"stat.drop.extrautils2.unstableingots":1,"stat.pickup.exnihilocreatio.item_ore_copper":42,"stat.pickup.cyclicmagic.cyclic_wand_build":1,"stat.useItem.draconicevolution.particle_generator":45,"stat.pickup.draconicevolution.particle_generator":50,"stat.useItem.exnihilocreatio.item_material":5,"stat.drop.enderstorage.ender_pouch":1,"stat.mineBlock.minecraft.brick_block":1,"stat.craftItem.buildcrafttransport.pipe_wood_fluid":0,"stat.mineBlock.minecraft.hopper":8,"stat.pickup.thermalfoundation.material":327,"stat.craftItem.tp.iron_cobblegen_block":1,"stat.craftItem.mysticalagradditions.stuff":0,"stat.mineBlock.chancecubes.chance_cube":35,"stat.pickup.appliedenergistics2.quartz_growth_accelerator":3,"stat.pickup.extrautils2.klein":2,"stat.craftItem.mysticalagriculture.crafting":0,"stat.pickup.minecraft.leather_helmet":1,"stat.pickup.immersiveengineering.shader":3,"stat.pickup.tp.iron_cobblegen_block":1,"stat.pickup.cyclicmagic.tool_torch_launcher":1,"stat.mineBlock.enderstorage.ender_storage":10,"stat.pickup.actuallyadditions.item_dust":128,"stat.pickup.randomthings.advanceditemcollector":2,"stat.drop.minecraft.torch":1,"stat.mineBlock.minecraft.tallgrass":9,"stat.pickup.tconstruct.seared":2,"stat.mineBlock.mekanism.machineblock2":12,"stat.pickup.fluxnetworks.fluxstorage":3,"stat.pickup.mekanism.transmitter":2,"stat.useItem.minecraft.stone":251,"stat.pickup.minecraft.arrow":352,"stat.craftItem.appliedenergistics2.part":99,"stat.pickup.extrautils2.compressedcobblestone":2,"stat.drop.thermalcultivation.watering_can":1,"stat.pickup.stoneblockutilities.stoneworkbench":1,"stat.pickup.tconstruct.cast_custom":5,"stat.mineBlock.minecraft.chest":27,"stat.killEntity.thermalfoundation.blizz":1,"stat.craftItem.minecraft.hopper":12,"stat.useItem.minecraft.reeds":4,"stat.craftItem.draconicevolution.draconic_core":0,"stat.pickup.exnihilocreatio.item_ore_gold":118,"stat.pickup.minecraft.wheat_seeds":3054,"stat.mineBlock.minecraft.glass":3,"stat.pickup.cyclicmagic.water_candle":1,"stat.mineBlock.yabba.item_barrel":3,"stat.mineBlock.minecraft.dirt":42,"stat.pickup.minecraft.poisonous_potato":1,"stat.useItem.stoneblockutilities.crook_stone":1280,"stat.drop.minecraft.paper":76,"stat.craftItem.tp.toasted_bread":68,"stat.useItem.minecraft.cobblestone":574,"stat.craftItem.draconicevolution.energy_crystal":0,"stat.useItem.minecraft.gravel":12,"stat.pickup.hatchery.nest":2,"stat.useItem.fluidcows.cow_halter":75,"stat.pickup.botania.blacklotus":32,"stat.drop.minecraft.chicken":1,"stat.craftItem.exnihilocreatio.block_sieve":1,"stat.pickup.minecraft.iron_pickaxe":2,"stat.craftItem.appliedenergistics2.drive":13,"stat.craftItem.minecraft.gold_ingot":54,"stat.pickup.randomthings.timeinabottle":10,"stat.pickup.minecraft.hopper":11,"stat.mineBlock.chisel.stonebrick1":1,"stat.craftItem.chisel.chisel_iron":1,"stat.craftItem.minecraft.brewing_stand":0,"stat.pickup.minecraft.apple":1441,"stat.pickup.extrautils2.compresseddirt":5,"stat.craftItem.appliedenergistics2.fluix_block":4,"stat.itemEnchanted":10,"stat.useItem.buildcrafttransport.pipe_wood_fluid":2,"stat.pickup.extrautils2.filter":2,"stat.craftItem.stoneblockutilities.stoneworkbench":1,"stat.pickup.draconicevolution.nugget":2014,"stat.mineBlock.minecraft.log":296,"stat.craftItem.actuallyadditions.item_paxel_crystal_green":0,"stat.craftItem.actuallyadditions.item_helm_crystal_green":0,"stat.craftItem.minecraft.paper":102,"stat.mineBlock.exnihilocreatio.block_crucible":7,"stat.pickup.minecraft.red_flower":1,"stat.pickup.exnihilocreatio.block_sieve":1,"stat.pickup.minecraft.wool":43,"stat.mineBlock.draconicevolution.draconic_block":2,"stat.mineBlock.cyclicmagic.energy_pipe":9,"stat.cakeSlicesEaten":7,"stat.pickup.harvestcraft.epicbaconitem":91,"stat.useItem.minecraft.iron_axe":17,"stat.craftItem.thermalfoundation.storage_alloy":8,"stat.drop.thermalfoundation.material":9,"stat.craftItem.enderio.item_alloy_ingot":67,"stat.craftItem.appliedenergistics2.chest":0,"stat.pickup.hatchery.animalnet":3,"stat.pickup.tp.plump_peach":1,"stat.craftItem.minecraft.arrow":0,"stat.useItem.minecraft.obsidian":10,"stat.useItem.minecraft.cookie":33,"stat.mineBlock.ironchest.iron_chest":47,"stat.pickup.minecraft.bow":5,"stat.mineBlock.enderio.block_tank":1,"stat.useItem.minecraft.egg":1,"stat.mineBlock.minecraft.obsidian":117,"stat.craftItem.minecraft.bow":1,"stat.pickup.mysticalagradditions.special":1,"stat.flyOneCm":2733177,"stat.pickup.actuallyadditions.item_booklet":6,"stat.useItem.extrautils2.compressedgravel":190,"stat.craftItem.yabba.upgrade_blank":224,"stat.timeSinceDeath":319808,"stat.pickup.yabba.item_barrel":3,"stat.pickup.draconicevolution.draconic_block":2,"stat.killEntity.Bat":4,"stat.craftItem.mysticalagriculture.mystical_fertilizer":0,"stat.pickup.hatchery.chickenmanure":44,"stat.drop.draconicevolution.particle_generator":2,"stat.pickup.buildcraftcore.engine":1,"stat.craftItem.tconstruct.seared":79,"stat.pickup.minecraft.nether_wart":7,"stat.pickup.plustic.laser_gun":1,"stat.pickup.extrautils2.ingredients":44,"stat.craftItem.minecraft.stone_hoe":1,"stat.pickup.extrautils2.unstableingots":5,"stat.talkedToVillager":2,"stat.drop.minecraft.spawn_egg":3,"stat.pickup.minecraft.string":184,"stat.pickup.excompressum.compressed_hammer_stone":2,"stat.useItem.minecraft.written_book":1,"stat.craftItem.tconstruct.tooltables":2,"stat.craftItem.excompressum.heavy_sieve":1,"stat.useItem.extrautils2.drum":3,"stat.pickup.stoneblockutilities.crook_stone":2,"stat.mineBlock.extrautils2.machine":9,"stat.useItem.enderstorage.ender_storage":6,"stat.pickup.minecraft.spawn_egg":6,"stat.pickup.minecraft.snowball":29,"stat.pickup.immersiveengineering.shader_bag":4,"stat.craftItem.exnihilocreatio.item_cooked_silkworm":66,"stat.diveOneCm":3704,"stat.pickup.chisel.stonebrick1":1,"stat.pickup.extrautils2.machine":10,"stat.pickup.exnihilocreatio.block_crucible":7,"stat.pickup.minecraft.stone_axe":2,"stat.useItem.bonsaitrees.bonsaipot":21,"stat.pickup.ceramics.dark_bricks_stairs":1,"stat.drop.minecraft.apple":1,"stat.jump":9013,"stat.useItem.minecraft.sand":2,"stat.craftItem.minecraft.torch":16,"stat.pickup.excompressum.chicken_stick":3,"stat.useItem.minecraft.glass":1,"stat.useItem.minecraft.sapling":50,"stat.pickup.draconicevolution.generator":8,"stat.pickup.minecraft.gold_ore":2,"stat.drop.extrautils2.compressedcobblestone":1,"stat.pickup.mysticalagriculture.tier4_inferium_seeds":13,"stat.damageTaken":6362,"stat.craftItem.buildcraftcore.engine":2,"stat.pickup.immersiveengineering.metal":9,"stat.pickup.appliedenergistics2.storage_cell_1k":77,"stat.craftItem.hatchery.animalnet":1,"stat.pickup.tconstruct.ingots":1,"stat.pickup.minecraft.potato":66,"stat.drop.tp.cooked_apple":9,"stat.pickup.thermalexpansion.reservoir":1,"stat.killEntity.Silverfish":1,"stat.craftItem.minecraft.stone_slab":6,"stat.animalsBred":7,"stat.useItem.minecraft.chest":17,"stat.mineBlock.thermaldynamics.duct_16":1,"stat.pickup.thaumcraft.crystal_aer":5,"stat.craftItem.mekanism.ingot":27,"stat.useItem.tconstruct.faucet":9,"stat.drop.roost.roost":8,"stat.shulkerBoxOpened":3,"stat.pickup.thermalfoundation.storage":5,"stat.pickup.minecraft.ender_pearl":49,"stat.pickup.thermalcultivation.watering_can":1,"stat.drop.minecraft.cookie":9,"stat.craftItem.tp.cooked_apple":18,"stat.useItem.enderio.item_stellar_alloy_sword":14,"stat.useItem.appliedenergistics2.drive":24,"stat.pickup.minecraft.torch":321,"stat.useItem.thermaldynamics.servo":23,"stat.drop.minecraft.stone_axe":1,"stat.mineBlock.tp.cobblegen_block":1,"stat.pickup.mysticalagradditions.nether_star_essence":17,"stat.mineBlock.exnihilocreatio.block_sieve":1,"stat.useItem.randomthings.timeinabottle":921,"stat.pickup.ftbquests.book":1,"stat.craftItem.minecraft.nether_star":0,"stat.pickup.appliedenergistics2.security_station":2,"stat.craftItem.minecraft.iron_axe":1,"stat.pickup.thaumcraft.crystal_ordo":11,"stat.useItem.cyclicmagic.sprinkler":2,"stat.mineBlock.extrautils2.compressedcobblestone":474,"stat.useItem.minecraft.planks":65,"stat.drop.chickens.spawn_egg":2,"stat.pickup.appliedenergistics2.drive":17,"stat.pickup.enderstorage.ender_storage":12,"stat.drop.extrautils2.compressedgravel":12,"stat.pickup.minecraft.blaze_powder":112,"stat.pickup.minecraft.glass":22,"stat.craftItem.hatchery.nest":3,"stat.drop.mysticalagradditions.nether_star_essence":2,"stat.drop.exnihilocreatio.item_ore_copper":1,"stat.useItem.minecraft.water_bucket":77,"stat.pickup.minecraft.sand":4871,"stat.pickup.extrautils2.snowglobe":1,"stat.craftItem.actuallyadditions.item_sword_crystal_green":0,"stat.craftItem.actuallyadditions.item_hoe_crystal_green":0,"stat.pickup.fluxnetworks.herculeanfluxstorage":2,"stat.useItem.tp.bsc_iron_sword":104,"stat.mineBlock.appliedenergistics2.grindstone":1,"stat.pickup.thermalfoundation.security":3,"stat.mineBlock.exnihilocreatio.block_infested_leaves":43,"stat.drop.roost.chicken":66,"stat.useItem.minecraft.ender_pearl":3,"stat.craftItem.cyclicmagic.sprinkler":0,"stat.pickup.draconicevolution.energy_pylon":2,"stat.useItem.minecraft.spawn_egg":3,"stat.pickup.projectred-core.resource_item":19,"stat.craftItem.appliedenergistics2.quartz_growth_accelerator":4,"stat.craftItem.yabba.item_barrel":64,"stat.pickup.appliedenergistics2.crystal_seed":746,"stat.pickup.exnihilocreatio.block_barrel1":1,"stat.pickup.rftools.builder":1,"stat.pickup.actuallyadditions.item_solidified_experience":30,"stat.pickup.appliedenergistics2.inscriber":3,"stat.pickup.actuallyadditions.item_sword_crystal_green":4,"stat.pickup.exnihilocreatio.item_ore_iron":121,"stat.pickup.minecraft.iron_chestplate":1,"stat.pickup.minecraft.skull":11,"stat.pickup.exnihilocreatio.item_ore_osmium":3,"stat.mineBlock.extrautils2.passivegenerator":5,"stat.pickup.chancecubes.chance_cube":27,"stat.craftItem.minecraft.sand":162,"stat.craftItem.appliedenergistics2.quartz_glass":132,"stat.craftItem.ironchest.iron_chest":14,"stat.mineBlock.minecraft.brick_stairs":8,"stat.pickup.exnihilocreatio.item_ore_nickel":130,"stat.useItem.minecraft.hopper":6,"stat.mineBlock.minecraft.oak_stairs":2,"stat.pickup.actuallyadditions.item_chest_emerald":1,"stat.drop.randomthings.timeinabottle":3,"stat.useItem.hatchery.animalnet":78,"stat.playOneMinute":2049582,"stat.craftItem.appliedenergistics2.energy_cell":3,"stat.pickup.minecraft.diamond_block":4,"stat.pickup.roost.breeder":8,"stat.craftItem.appliedenergistics2.material":116,"stat.mineBlock.minecraft.netherrack":4,"stat.mineBlock.appliedenergistics2.cable_bus":16,"stat.craftItem.harvestcraft.mixingbowlitem":0,"stat.drop.minecraft.flint":5,"stat.useItem.betterbuilderswands.wandstone":2,"stat.craftItem.minecraft.iron_nugget":207,"stat.craftItem.appliedenergistics2.grindstone":1,"stat.fallOneCm":83055,"stat.drop.minecraft.dye":50,"stat.craftItem.minecraft.chest":57,"stat.mineBlock.minecraft.lever":1,"stat.drop.appliedenergistics2.drive":1,"stat.mineBlock.cyclicmagic.harvester_block":2,"stat.pickup.minecraft.comparator":12,"stat.pickup.minecraft.feather":2,"stat.useItem.harvestcraft.epicbaconitem":46,"stat.craftItem.wct.wct":0,"stat.pickup.thermalfoundation.glass":8,"stat.useItem.minecraft.stone_pickaxe":2136,"stat.craftItem.tconstruct.seared_tank":1,"stat.useItem.minecraft.stone_sword":81,"stat.pickup.fluidcows.stall":2,"stat.pickup.botania.specialflower":1,"stat.mineBlock.minecraft.monster_egg":3,"stat.mineBlock.exnihilocreatio.block_dust":3,"stat.useItem.ironchest.iron_chest":9,"stat.pickup.tp.plump_pear":1,"stat.craftItem.extrautils2.compressedgravel":518,"stat.craftItem.appliedenergistics2.energy_acceptor":3,"stat.killEntity.LavaSlime":4,"stat.pickup.minecraft.log":8509,"stat.mineBlock.appliedenergistics2.quartz_glass":1,"stat.entityKilledBy.Enderman":1,"stat.craftItem.tconstruct.smeltery_controller":1,"stat.useItem.hatchery.nest":1,"stat.craftItem.appliedenergistics2.security_station":0,"stat.pickup.minecraft.diamond_helmet":10,"stat.craftItem.minecraft.cooked_chicken":107,"stat.useItem.minecraft.stone_hoe":5,"stat.pickup.immersiveengineering.metal_device1":1,"stat.pickup.buildinggadgets.exchangertool":1,"stat.sneakTime":27108,"stat.craftItem.appliedenergistics2.controller":5,"stat.mineBlock.hatchery.nest":2,"stat.pickup.minecraft.chest":27,"stat.pickup.immersiveengineering.ore":4,"stat.useItem.appliedenergistics2.controller":26,"stat.craftItem.mekanism.salt":0,"stat.mineBlock.mysticalagriculture.growth_accelerator":1,"stat.craftItem.tconstruct.faucet":10,"stat.craftItem.extrautils2.compressedcobblestone":576,"stat.swimOneCm":24463,"stat.mineBlock.minecraft.diamond_block":3,"stat.useItem.minecraft.dirt":15,"stat.craftItem.draconicevolution.draconic_block":0,"stat.pickup.excompressum.compressed_hammer_diamond":2,"stat.craftItem.draconicevolution.draconic_ingot":0,"stat.mineBlock.minecraft.carpet":79,"stat.mineBlock.minecraft.redstone_block":6,"stat.useItem.hatchery.hatcheryegg":2,"stat.pickup.minecraft.clay":128,"stat.craftItem.fluidcows.cow_halter":0,"stat.pickup.appliedenergistics2.material":1080,"stat.drop.minecraft.wheat_seeds":128,"stat.craftItem.yabba.upgrade_gold_tier":32,"stat.craftItem.minecraft.wooden_slab":196,"stat.pickup.extrautils2.compressedgravel":2,"stat.craftItem.actuallyadditions.item_food":0,"stat.drop.minecraft.log":3,"stat.drop.tconstruct.cast_custom":1,"stat.pickup.thaumcraft.crystal_ignis":7,"stat.useItem.minecraft.lever":4,"stat.craftItem.buildcrafttransport.pipe_stone_item":48,"stat.craftItem.appliedenergistics2.biometric_card":0,"stat.pickup.minecraft.redstone_lamp":3,"stat.useItem.mysticalagradditions.special":2,"stat.useItem.appliedenergistics2.quartz_growth_accelerator":3,"stat.craftItem.harvestcraft.apple_sapling":1,"stat.pickup.draconicevolution.energy_crystal":5,"stat.craftItem.minecraft.stone_slab2":0,"stat.pickup.actuallyadditions.item_misc":4,"stat.craftItem.draconicevolution.particle_generator":0,"stat.drop.thermalfoundation.wrench":1,"stat.craftItem.draconicevolution.wyvern_energy_core":0,"stat.pickup.exnihilocreatio.item_material":96,"stat.craftItem.minecraft.stone":1536,"stat.useItem.tconstruct.casting":8,"stat.mineBlock.minecraft.crafting_table":2,"stat.killEntity.Endermite":1,"stat.mineBlock.enderio.block_simple_alloy_smelter":2,"stat.drop.exnihilocreatio.block_dust":4,"stat.useItem.minecraft.wheat":1,"stat.pickup.cookingforblockheads.tool_rack":1,"stat.craftItem.actuallyadditions.item_pickaxe_crystal_green":0,"stat.drop.exnihilocreatio.item_cooked_silkworm":6,"stat.pickup.chancecubes.chance_icosahedron":1,"stat.useItem.thermalfoundation.tool.hammer_invar":349,"stat.craftItem.harvestcraft.potitem":0,"stat.pickup.minecraft.slime_ball":54,"stat.useItem.tp.bams_pizza":4,"stat.killEntity.BrainyZombie":3,"stat.pickup.minecraft.gravel":4784,"stat.useItem.extrautils2.compressedcobblestone":533,"stat.useItem.minecraft.glass_bottle":6,"stat.mineBlock.appliedenergistics2.drive":15,"stat.useItem.exnihilocreatio.block_dust":3,"stat.pickup.exnihilocreatio.item_ore_tin":35,"stat.pickup.minecraft.iron_helmet":1,"stat.craftItem.bonsaitrees.bonsaipot":24,"stat.craftItem.minecraft.bread":64,"stat.pickup.minecraft.spider_eye":1,"stat.pickup.exchangers.resonant_exchanger":1,"stat.useItem.minecraft.cooked_chicken":27,"stat.pickup.minecraft.iron_ore":2,"stat.pickup.minecraft.snow":2,"stat.pickup.minecraft.leaves":1286,"stat.craftItem.cyclicmagic.harvester_block":1,"stat.pickup.minecraft.leather":10,"stat.craftItem.buildcrafttransport.pipe_wood_item":8,"stat.pickup.mysticalagriculture.crafting":5684,"stat.pickup.minecraft.reeds":154,"stat.pickup.mysticalagriculture.fertilized_essence":1,"stat.drop.tp.plump_peach":1,"stat.craftItem.minecraft.glass":176,"stat.sleepInBed":1,"stat.pickup.draconicevolution.energy_storage_core":2,"stat.useItem.buildcraftcore.engine":2,"stat.walkOneCm":3918353,"stat.craftItem.excompressum.compressed_block":68,"stat.playerKills":1,"stat.pickup.thermalfoundation.tool.hammer_invar":3,"stat.mineBlock.stoneblockutilities.stoneworkbench":1,"stat.drop.appliedenergistics2.material":18,"stat.pickup.minecraft.clay_ball":16,"stat.craftItem.actuallyadditions.item_pants_crystal_green":0,"stat.craftItem.thermaldynamics.servo":36,"stat.mineBlock.thermaldynamics.duct_0":4,"stat.mineBlock.appliedenergistics2.controller":18,"stat.useItem.buildcrafttransport.pipe_void_fluid":2,"stat.pickup.minecraft.stone":135,"stat.mineBlock.minecraft.wool":64,"stat.pickup.actuallyadditions.item_spawner_changer":1,"stat.craftItem.minecraft.hay_block":10,"stat.pickup.minecraft.gold_ingot":1,"stat.killEntity.Skeleton":17,"stat.killEntity.Spider":1,"stat.craftItem.openblocks.dev_null":0,"stat.pickup.minecraft.quartz":725,"stat.pickup.storagedrawers.upgrade_storage":12,"stat.pickup.minecraft.water_bucket":1,"stat.useItem.appliedenergistics2.part":23,"stat.useItem.chisel.cobblestone2":16,"stat.useItem.mysticalagriculture.mystical_fertilizer":1939,"stat.mineBlock.tconstruct.casting":8,"stat.mineBlock.chisel.planks-oak":1,"stat.craftItem.exnihilocreatio.item_mesh":6,"stat.mineBlock.minecraft.stone":16690}