{"profiles":{"818d76e4-8065-11ea-8e84-b42e996a7d7a":{"default":true,"no_status_effects":false,"nether":false,"no_death_mg":false,"hardcore":false,"no_area_of_effects":false,"peaceful":false,"no_explosions":false},"fa0006d8-9b09-3822-b0a5-d2a3dd753b61":{"default":true,"hardcore":true,"no_explosions":false,"no_death_mg":false,"no_status_effects":false,"no_area_of_effects":false,"nether":false,"peaceful":false},"a5d066aa-1086-37ba-b34f-593501451c57":{"default":true,"peaceful":false,"hardcore":true,"no_death_mg":false,"no_status_effects":false,"no_area_of_effects":false,"nether":false,"no_explosions":false},"42dd1ef6-9057-3013-8cde-a8833b4ae444":{"no_status_effects":false,"nether":false,"no_death_mg":false,"hardcore":true,"no_area_of_effects":false,"peaceful":false,"default":true,"no_explosions":false},"6507c0be-5d09-3130-b270-f408cd2bb9bc":{"default":true,"peaceful":false,"hardcore":true,"no_death_mg":false,"no_status_effects":false,"no_area_of_effects":false,"nether":false,"no_explosions":false}}}